name,locus_id
Bsu1630a,BSU16299
G-10624,BSU31960
G-6805,BSU35530
None,G8J2-171
SR1,G8J2-6
aadK,BSU26790
aag,BSU38620
aapA,BSU27090
abbA,BSU14120
abfA,BSU28720
abh,BSU14480
abn2,BSU39330
abnA,BSU28810
abnB,BSU39330
abrB,BSU00370
accA,BSU29200
accB,BSU24350
accC,BSU24340
accD,BSU29210
acdA,BSU37170
aceA,BSU14580
acfA,BSU26590
ackA,BSU29470
acoA,BSU08060
acoB,BSU08070
acoC,BSU08080
acoL,BSU08090
acoR,BSU08100
acpA,BSU15920
acpK,BSU17130
acpP,BSU15920
acpS,BSU04620
acsA,BSU29680
acuA,BSU29690
acuB,BSU29700
acuC,BSU29710
adaA,BSU01810
adaB,BSU01820
adcA,BSU02850
adcB,BSU02870
adcC,BSU02860
addA,BSU10630
addB,BSU10620
ade,BSU14520
adeC,BSU14520
adeR,BSU31920
adhA,BSU27010
adhB,BSU26970
adhR,BSU27000
adk,BSU01370
aecA,BSU28470
ahpA,BSU14220
ahpC,BSU40090
ahpF,BSU40100
ahpT,BSU14230
ahrC,BSU24250
aimP,BSU20850
aimR,BSU20860
alaR,BSU31410
alaS,BSU27410
alaT,BSU31400
albA,BSU37370
albB,BSU37380
albC,BSU37390
albD,BSU37400
albE,BSU37410
albF,BSU37420
albG,BSU37430
ald,BSU31930
aldX,BSU39860
aldY,BSU38830
alkA,BSU01800
allC,BSU32530
alr,BSU04640
alrA,BSU04640
alrB,BSU17640
alsA,BSU29740
alsD,BSU36000
alsR,BSU36020
alsS,BSU36010
alsT,BSU18120
amhX,BSU03010
amiE,BSU01670
amj,BSU04230
ampS,BSU14450
amtB,BSU36510
amyA,BSU03040
amyC,BSU30290
amyD,BSU30280
amyE,BSU03040
amyX,BSU29930
ansA,BSU23580
ansB,BSU23570
ansR,BSU23590
ansZ,BSU02690
antE,BSU25220
apbT,G8J2-167
appB,BSU11390
appC,BSU11400
appD,BSU11360
appF,BSU11370
aprE,BSU10300
aprX,BSU17260
apt,BSU27610
araA,BSU28800
araB,BSU28790
araC,BSU33970
araD,BSU28780
araE,BSU33960
araL,BSU28770
araM,BSU28760
araN,BSU28750
araP,BSU28740
araQ,BSU28730
araR,BSU33970
arfM,BSU37290
argA,BSU11200
argB,BSU11210
argC,BSU11250
argD,BSU11220
argE,BSU11200
argF,BSU11250
argG,BSU29450
argH,BSU29440
argI,BSU40320
argJ,BSU11200
argS,BSU37330
aroA,BSU29750
aroB,BSU22700
aroC,BSU23080
aroD,BSU25660
aroE,BSU22600
aroF,BSU22710
aroG,BSU29750
aroH,BSU22690
aroI,BSU03150
aroJ,BSU22620
aroK,BSU03150
arsB,BSU25790
arsC,BSU25780
arsR,BSU25810
artP,BSU23980
artQ,BSU23970
artR,BSU23960
ascR,BSU29400
asd,BSU16750
aseR,BSU05330
ask,BSU28470
aslA,BSU39900
asn,BSU30540
asnB,BSU30540
asnH,BSU39920
asnO,BSU10790
asnS,BSU22360
aspB,BSU22370
aspS,BSU27550
atpA,BSU36830
atpB,BSU36870
atpC,BSU36800
atpD,BSU36810
atpE,BSU36860
atpF,BSU36850
atpG,BSU36820
atpH,BSU36840
atpI,BSU36880
azlB,BSU26720
azlC,BSU26710
azlD,BSU26700
azoR1,BSU19230
azoR2,BSU33540
bacA,BSU31150
bacB,BSU37730
bacC,BSU37720
bacD,BSU37710
bacE,BSU37700
bacF,BSU37690
bacG,BSU37680
bcaP,BSU09460
bcd,BSU24080
bceA,BSU30380
bceB,BSU30370
bceR,BSU30400
bceS,BSU30390
bcp,BSU08720
bcrC,BSU36530
bcsA,BSU22050
bdbA,BSU21460
bdbB,BSU21440
bdbC,BSU33470
bdbD,BSU33480
bdhA,BSU06240
besA,BSU32010
bex,BSU25290
bfcA,BSU22560
bfcB,BSU22550
bfcC,BSU22540
bfmB1a,BSU24050
bfmB1b,BSU24040
bfmB2,BSU24030
bfmBAA,BSU24050
bfmBAB,BSU24040
bfmBB,BSU24030
bgl,BSU39070
bglA,BSU40110
bglC,BSU03410
bglH,BSU39260
bglP,BSU39270
bglS,BSU39070
bhlA,BSU21420
bhlB,BSU21430
bioA,BSU30230
bioB,BSU30200
bioD,BSU30210
bioF,BSU30220
bioI,BSU30190
bioK,BSU30230
bioW,BSU30240
bioY,BSU10370
bioYB,BSU32030
bipA,BSU14770
birA,BSU22440
bkd,BSU24060
bkdAA,BSU24050
bkdAB,BSU24040
bkdB,BSU24030
bkdR,BSU24100
blt,BSU26590
bltD,BSU26600
bltR,BSU26580
blyA,BSU21410
bmr,BSU24010
bmr1,BSU24010
bmr2,BSU26590
bmr2D,BSU26600
bmr2R,BSU26580
bmr3,BSU03070
bmrA,BSU34820
bmrC,BSU09710
bmrD,BSU09720
bmrR,BSU24020
bmrU,BSU24000
bmt,BSU26590
bmtD,BSU26600
bmtR,BSU26580
bofA,BSU00230
bofB,BSU27980
bofC,BSU27750
bpf,BSU15300
bpr,BSU15300
bpsA,BSU22050
bpsB,BSU22040
braB,BSU29600
brnQ,BSU26690
brxA,BSU21860
brxB,BSU23990
brxJ,BSU29760
bsaA,BSU21900
bscR,BSU27170
bsdC,BSU03640
bsdD,BSU03651
bshA,BSU22460
bshB1,BSU22470
bshB2,BSU19460
bshC,BSU15120
bslA,BSU31080
bsn,BSU32540
bsrA,BSU_misc_RNA_41
bsrB,BSU_misc_RNA_32
bsrC,G8J2-159
bsrE,G8J2-163
bsrF,G8J2-5
bsrG,G8J2-16
bstA,BSU08390
bstB,BSU31030
bstC,BSU10860
bstD,BSU12410
bstE,BSU26780
bstF,BSU13070
bstG,BSU05630
bstH,BSU10800
btr,BSU01640
buk,BSU24070
cad,BSU14630
cadA,BSU33490
cah,BSU03180
capA,BSU35880
capB,BSU35900
capC,BSU35890
carA,BSU11230
carB,BSU11240
catA,BSU09990
catD,BSU08230
catE,BSU08240
catR,BSU33680
cbiX,BSU15620
cca,BSU22450
cccA,BSU25190
cccB,BSU35270
ccdA,BSU17930
ccdB,BSU17940
ccdC,BSU17950
ccpA,BSU29740
ccpB,BSU40870
ccpC,BSU14140
ccpN,BSU25250
cdaA,BSU01750
cdaR,BSU01760
cdaS,BSU19430
cdd,BSU25300
cdnL,BSU05130
cdoA,BSU31140
cdsA,BSU16540
celA,BSU38590
celB,BSU38580
celC,BSU38570
celD,BSU38560
celF,BSU38560
celR,BSU38600
cesA,BSU05440
cesB,BSU02260
cgeA,BSU19780
cgeAA,BSU19780
cgeAB,BSU19790
cgeB,BSU19790
cgeBA,BSU19770
cgeBB,BSU19760
cgeBC,BSU19750
cgeC,BSU19770
cgeD,BSU19760
cgeE,BSU19750
cggR,BSU33950
chaA,BSU07920
cheA,BSU16430
cheB,BSU16330
cheC,BSU16450
cheD,BSU16320
cheF,BSU16250
cheL,BSU16420
cheN,BSU16430
cheR,BSU22720
cheV,BSU14010
cheW,BSU16440
cheY,BSU16330
chr3C,BSU36130
chr3N,BSU36120
chrA,BSU36130
chrB,BSU36120
chrS,BSU36110
cidA,BSU38320
cimH,BSU38770
cinA,BSU16930
cisA,BSU25770
cisB,BSU25760
citA,BSU09440
citA1,BSU09440
citA2,BSU29140
citB,BSU18000
citC,BSU29130
citF,BSU28440
citG,BSU33040
citH,BSU39060
citK,BSU19370
citL,BSU14610
citM,BSU07610
citR,BSU09430
citS,BSU07580
citT,BSU07590
citZ,BSU29140
clpC,BSU00860
clpE,BSU13700
clpP,BSU34540
clpQ,BSU16150
clpX,BSU28220
clpY,BSU16160
clsA,BSU36590
clsB,BSU37190
cmk,BSU22890
cmoI,BSU29320
cmoJ,BSU29310
cmoO,BSU29330
cmpA,G8J2-20
coaA,BSU23760
coaBC,BSU15700
coaD,BSU15020
coaE,BSU29060
coaX,BSU00700
codV,BSU16140
codW,BSU16150
codX,BSU16160
codY,BSU16170
coiA,BSU11530
comA,BSU31680
comAA,BSU31680
comAB,BSU31670
comB,BSU31740
comC,BSU28070
comD,BSU25590
comEA,BSU25590
comEB,BSU25580
comEC,BSU25570
comED,BSU25600
comER,BSU25600
comFA,BSU35470
comFB,BSU35460
comFC,BSU35450
comGA,BSU24730
comGB,BSU24720
comGC,BSU24710
comGD,BSU24700
comGE,BSU24690
comGF,BSU24680
comGG,BSU24670
comI,BSU03430
comJ,BSU03420
comK,BSU10420
comL,BSU03480
comN,BSU27660
comP,BSU31690
comQ,BSU31710
comR,BSU16690
comS,BSU03500
comX,BSU31700
comZ,BSU11310
conB,BSU04910
conC,BSU04920
conD,BSU04930
conE,BSU04940
conG,BSU04960
conQ,BSU04860
copA,BSU33500
copB,BSU33490
copP,BSU33510
copZ,BSU33510
corA,BSU24740
cotA,BSU06300
cotB,BSU36050
cotC,BSU17700
cotD,BSU22200
cotE,BSU17030
cotF,BSU40530
cotG,BSU36070
cotH,BSU36060
cotI,BSU30920
cotJA,BSU06890
cotJB,BSU06900
cotJC,BSU06910
cotK,BSU17990
cotL,BSU17980
cotM,BSU17970
cotN,BSU24620
cotO,BSU11730
cotP,BSU05550
cotQ,BSU34520
cotR,BSU34530
cotS,BSU30900
cotSA,BSU30910
cotT,BSU12090
cotU,BSU17670
cotV,BSU11780
cotW,BSU11770
cotX,BSU11760
cotY,BSU11750
cotZ,BSU11740
coxA,BSU27830
cpa,BSU11240
cpgA,BSU15780
cpsX,BSU00370
crcBA,BSU09600
crh,BSU34740
crr,BSU13890
crsA,BSU25200
csaA,BSU19040
csb40,BSU29760
csbA,BSU35180
csbB,BSU08600
csbC,BSU39810
csbD,BSU36670
csbX,BSU27760
csd,BSU32690
cse15,BSU14250
cse60,BSU30080
csfB,BSU00240
csfD,BSU22860
csfX,BSU36970
csgA,BSU02070
cshA,BSU04580
cshB,BSU25140
csk22,BSU19110
csn,BSU26890
csoR,BSU33520
csp3,BSU10600
cspB,BSU09100
cspC,BSU05120
cspD,BSU21930
cspR,BSU08930
csrA,BSU35370
cssR,BSU33010
cssS,BSU33020
cstA,BSU28710
ctaA,BSU14870
ctaB,BSU14880
ctaB1,BSU12080
ctaC,BSU14890
ctaD,BSU14900
ctaE,BSU14910
ctaF,BSU14920
ctaG,BSU14930
ctaO,BSU12080
ctc,BSU00520
ctpA,BSU19590
ctpB,BSU35240
ctrA,BSU09460
ctsR,BSU00830
cueR,BSU09560
cwbA,BSU35630
cwlA,BSU25900
cwlB,BSU35620
cwlC,BSU17410
cwlD,BSU01530
cwlE,BSU09370
cwlF,BSU09420
cwlG,BSU35780
cwlH,BSU25710
cwlJ,BSU02600
cwlK,BSU02810
cwlO,BSU34800
cwlP,BSU21350
cwlQ,BSU11570
cwlS,BSU19410
cwlT,BSU04970
cycB,BSU34160
cydA,BSU38760
cydB,BSU38750
cydC,BSU38740
cydD,BSU38730
cyeA,BSU18770
cyeB,BSU34000
cymR,BSU27520
cypA,BSU26740
cypB,BSU27160
cypBS,BSU23360
cypC,BSU02100
cypX,BSU35060
cysA,BSU00930
cysC,BSU15600
cysE,BSU00930
cysH,BSU15570
cysI,BSU33430
cysJ,BSU33440
cysK,BSU00730
cysL,BSU37650
cysP,BSU15580
cysS,BSU00940
czcD,BSU26650
czcO,BSU26640
czrA,BSU19120
dacA,BSU00100
dacB,BSU23190
dacC,BSU18350
dacF,BSU23480
dae,BSU38500
dagK,BSU06720
dal,BSU04640
dapA,BSU16770
dapB,BSU22490
dapE,BSU14190
dapF,BSU32170
dapG,BSU16760
dapH,BSU14180
dapI,BSU14190
dapL,BSU14190
darA,BSU00290
dat,BSU13540
dbpA,BSU22790
dciAA,BSU12920
dciAB,BSU12930
dciAC,BSU12940
dciAD,BSU12950
dciAE,BSU12960
dck,BSU00140
dctA,BSU04470
dctB,BSU04440
dctP,BSU04470
dctR,BSU04460
dctS,BSU04450
ddl,BSU04560
ddlA,BSU04560
dds,BSU15240
deaD,BSU39110
defA,BSU15720
defB,BSU14560
degA,BSU10840
degQ,BSU31720
degR,BSU21940
degS,BSU35500
degU,BSU35490
degV,BSU35480
deoC,BSU39420
deoD,BSU19630
deoR,BSU39430
des,BSU19180
desK,BSU19190
desR,BSU19200
dfrA,BSU21810
dgcK,BSU09120
dgcP,BSU29650
dgcW,BSU13420
dgk,BSU00150
dgkA,BSU25310
dgkB,BSU06720
dgrA,BSU22910
dhaS,BSU19310
dhbA,BSU32000
dhbB,BSU31970
dhbC,BSU31990
dhbE,BSU31980
dhbF,BSU31960
dinA,BSU35170
dinB,BSU05630
dinC,BSU35770
dinF,BSU21710
dinG,BSU22400
dinR,BSU17850
disA,BSU00880
div,BSU35300
div-341,BSU35300
divIB,BSU15240
divIC,BSU00620
divIVA,BSU15420
divIVB,BSU28030
divIVB1,BSU27990
dltA,BSU38500
dltB,BSU38510
dltC,BSU38520
dltD,BSU38530
dltE,BSU38540
dna-8132,BSU00190
dnaA,BSU00010
dnaB,BSU28990
dnaC,BSU40440
dnaD,BSU22350
dnaE,BSU25210
dnaF,BSU16580
dnaG,BSU25210
dnaH,BSU00190
dnaI,BSU28980
dnaJ,BSU25460
dnaK,BSU25470
dnaN,BSU00020
dnaP,BSU16580
dnaX,BSU00190
dnaY,BSU28980
dpaA,BSU16730
dpaB,BSU16740
dppA,BSU12920
dppB,BSU12930
dppC,BSU12940
dppD,BSU12950
dppE,BSU12960
dprA,BSU16110
dps,BSU30650
dra,BSU39420
drm,BSU23500
dsdA,BSU23770
dtd,BSU27590
dtpT,BSU03670
dusB,BSU00810
dusC,BSU08030
dxr,BSU16550
dxs,BSU24270
dynA,BSU22030
eag,BSU13650
ebrA,BSU17300
ebrB,BSU17290
ecfE,BSU16560
ecs-26,BSU10040
ecsA,BSU10040
ecsB,BSU10050
ecsC,BSU10060
edmS,BSU35870
efeB,BSU38260
efeM,BSU38270
efeN,BSU38260
efeO,BSU38270
efeU,BSU38280
efp,BSU24450
efpI,BSU16870
eglS,BSU18130
endA,BSU04660
endB,BSU04650
engA,BSU22840
engD,BSU40920
eno,BSU33900
entA,BSU32000
entC,BSU30830
entE,BSU31980
epr,BSU38400
epsA,BSU34370
epsB,BSU34360
epsC,BSU34350
epsD,BSU34340
epsE,BSU34330
epsF,BSU34320
epsG,BSU34310
epsH,BSU34300
epsI,BSU34290
epsJ,BSU34280
epsK,BSU34265
epsL,BSU34250
epsM,BSU34240
epsN,BSU34230
epsO,BSU34220
era,BSU25290
estA,BSU02700
estB,BSU08350
etfA,BSU28520
etfB,BSU28530
exlX,BSU18630
exoA,BSU22010
exoAA,BSU40880
expZ,BSU05610
exuM,BSU12310
exuR,BSU12370
exuT,BSU12360
ezrA,BSU29610
fabD,BSU15900
fabE,BSU24350
fabF,BSU11340
fabG,BSU15910
fabHA,BSU11330
fabHB,BSU10170
fabI,BSU11720
fabL,BSU08650
fabZ,BSU36370
fadA,BSU32830
fadB,BSU28540
fadD,BSU28560
fadE,BSU32820
fadF,BSU37180
fadG,BSU14071
fadH,BSU14060
fadM,BSU32850
fadN,BSU32840
fadR,BSU28550
fapR,BSU15880
fatR,BSU27170
fba,BSU37120
fbaA,BSU37120
fbaB,BSU39670
fbp,BSU40190
fbpA,G8J2-18
fbpB,BSU04530
fbpC,G8J2-19
fdhD,BSU36710
fdp,BSU40190
fer,BSU23040
feuA,BSU01630
feuB,BSU01620
feuC,BSU01610
ffh,BSU15980
fhuB,BSU33310
fhuC,BSU33290
fhuD,BSU33320
fhuG,BSU33300
fin,BSU00540
fisB,BSU32350
flaA15,BSU16220
flaB,BSU16470
flaD,BSU24610
flgB,BSU16180
flgC,BSU16190
flgD,BSU16280
flgE,BSU16290
flgG,BSU16290
flgK,BSU35410
flgL,BSU35400
flgM,BSU35430
flgN,BSU35420
flhA,BSU16390
flhB,BSU16380
flhF,BSU16400
flhG,BSU16410
flhO,BSU36400
flhP,BSU36390
fliD,BSU35340
fliE,BSU16200
fliF,BSU16210
fliG,BSU16220
fliH,BSU16230
fliI,BSU16240
fliJ,BSU16250
fliK,BSU16270
fliL,BSU16300
fliM,BSU16310
fliP,BSU16350
fliQ,BSU16360
fliR,BSU16370
fliS,BSU35330
fliT,BSU35320
fliW,BSU35380
fliY,BSU16320
fliZ,BSU16340
floA,BSU25380
floT,BSU31010
fmnP,BSU23050
fmt,BSU15730
fni,BSU22870
fnr,BSU37310
folA,BSU00780
folB,BSU00780
folC,BSU28080
folD,BSU24310
folEA,BSU22780
folEB,BSU03340
folK,BSU00790
fosB,BSU17840
fpiA,BSU03830
fpiB,BSU03800
fpiC,BSU03810
fpiD,BSU03820
fra,BSU05750
frlB,BSU32610
frlD,BSU32570
frlM,BSU32580
frlN,BSU32590
frlO,BSU32600
frlR,BSU32560
frr,BSU16520
fruA,BSU14400
fruB,BSU14390
fruK,BSU14390
fruR,BSU14380
fsrA,G8J2-10
fswA,BSU_misc_RNA_36
ftsA,BSU15280
ftsE,BSU35260
ftsH,BSU00690
ftsL,BSU15150
ftsR,BSU18420
ftsW,BSU14850
ftsX,BSU35250
ftsY,BSU15950
ftsZ,BSU15290
fumC,BSU33040
fun,BSU01100
fur,BSU23520
fus,BSU01120
fusA,BSU01120
gabD,BSU03910
gabP,BSU06310
gabR,BSU03890
gabT,BSU03900
galA,BSU34120
galE,BSU38860
galK,BSU38200
galM,BSU18360
galT,BSU38190
gamA,BSU02360
gamP,BSU02350
gamR,BSU02370
ganA,BSU34130
ganB,BSU34120
ganP,BSU34150
ganQ,BSU34140
ganR,BSU34170
ganS,BSU34160
gap,BSU33940
gapA,BSU33940
gapB,BSU29020
garD,BSU02510
gatA,BSU06680
gatB,BSU06690
gatC,BSU06670
gbsA,BSU31060
gbsB,BSU31050
gbsR,BSU31070
gcaA,BSU01780
gcaD,BSU00500
gcp,BSU05940
gcvH,BSU32800
gcvP,BSU24560
gcvPA,BSU24560
gcvPB,BSU24550
gcvT,BSU24570
gde,BSU13170
gdh,BSU03930
gdnC,BSU13090
gdnD,BSU13100
gdpP,BSU40510
gerAA,BSU33050
gerAB,BSU33060
gerAC,BSU33070
gerBA,BSU35800
gerBB,BSU35810
gerBC,BSU35820
gerC58,BSU22740
gerCA,BSU22760
gerCB,BSU22750
gerCC,BSU22740
gerD,BSU01550
gerE,BSU28410
gerF,BSU34990
gerG,BSU33930
gerKA,BSU03700
gerKB,BSU03720
gerKC,BSU03710
gerKD,BSU03690
gerM,BSU28380
gerPA,BSU10720
gerPB,BSU10710
gerPC,BSU10700
gerPD,BSU10690
gerPE,BSU10680
gerPF,BSU10670
gerQ,BSU37920
gerR,BSU15090
gerT,BSU19490
gerW,BSU29500
ggaA,BSU35690
ggaB,BSU35680
ggt,BSU18410
gid,BSU16130
gidA,BSU41010
gidB,BSU41000
glcD,BSU28680
glcF,BSU28690
glcK,BSU24850
glcP,BSU10520
glcR,BSU36300
glcT,BSU13880
glcU,BSU03920
glgA,BSU30950
glgB,BSU30980
glgC,BSU30970
glgD,BSU30960
glgP,BSU30940
glmM,BSU01770
glmS,BSU01780
glnA,BSU17460
glnH,BSU27440
glnJ,BSU02440
glnK,BSU02440
glnL,BSU02450
glnM,BSU27450
glnP,BSU27460
glnQ,BSU27430
glnR,BSU17450
glnT,BSU02420
glpD,BSU09300
glpF,BSU09280
glpG,BSU24870
glpK,BSU09290
glpP,BSU09270
glpQ,BSU02130
glpT,BSU02140
glpX,BSU37090
glsA,BSU02430
glsB,BSU14830
gltA,BSU18450
gltB,BSU18440
gltC,BSU18460
gltP,BSU02340
gltR,BSU26670
gltT,BSU10220
gltX,BSU00920
gluP,BSU24870
glvA,BSU08180
glvC,BSU08200
glvG,BSU08180
glvR,BSU08190
glxA,BSU38370
glxB,BSU32660
glxK,BSU40040
glyA,BSU36900
glyC,BSU36900
glyQ,BSU25270
glyS,BSU25260
gmk,BSU15680
gmuA,BSU05820
gmuB,BSU05810
gmuC,BSU05830
gmuD,BSU05840
gmuE,BSU05860
gmuF,BSU05870
gmuG,BSU05880
gmuR,BSU05850
gndA,BSU23860
gne,BSU38860
gneA,BSU38860
gntK,BSU40060
gntP,BSU40070
gntR,BSU40050
gntZ,BSU40080
goxB,BSU11670
gpr,BSU25540
gpsA,BSU22830
gpsB,BSU22180
graR,BSU29740
greA,BSU27320
grlA,BSU18100
grlB,BSU18090
groEL,BSU06030
groES,BSU06020
grpE,BSU25480
gsaB,BSU08710
gsiAA,BSU12430
gsiAB,BSU12440
gsiB,BSU04400
gsiC,BSU13990
gsp-81,BSU03130
gspA,BSU38430
gtaA,BSU35730
gtaB,BSU35670
gtaC,BSU09310
gtaD,BSU35730
gtaE,BSU09310
guaA,BSU06360
guaB,BSU06360
guaC,BSU32130
guaD,BSU13170
gudB,BSU22960
gudD,BSU02490
gudP,BSU02480
gutB,BSU06150
gutP,BSU06160
gutR,BSU06140
guwA,BSU_misc_RNA_16
gyrA,BSU00070
gyrB,BSU00060
hag,BSU35360
hbs,BSU22790
hbuT,BSU39000
helD,BSU33450
helP,BSU04850
hemA,BSU28170
hemAT,BSU10380
hemB,BSU28130
hemC,BSU28150
hemD,BSU28140
hemE,BSU10120
hemF,BSU10130
hemG,BSU10140
hemH,BSU10130
hemK,BSU28120
hemL,BSU28120
hemN,BSU25500
hemQ,BSU37670
hemX,BSU28160
hemY,BSU10140
hemZ,BSU09840
hepA,BSU22760
hepB,BSU22740
hepS,BSU22760
hepT,BSU22740
hflX,BSU17430
hfq,BSU17340
hinT,BSU10030
hipO,BSU29290
hisA,BSU34880
hisB,BSU34900
hisC,BSU22620
hisD,BSU34910
hisF,BSU34870
hisG,BSU34920
hisH,BSU34890
hisI,BSU34860
hisIE,BSU34860
hisJ,BSU29620
hisP,BSU29340
hisS,BSU27560
hisZ,BSU34930
hit,BSU10030
hlpB,BSU10660
hmoA,BSU07150
hmoB,BSU10100
hmp,BSU13040
holA,BSU25560
holB,BSU00310
hom,BSU32260
hpf,BSU35310
hpr,BSU09990
hprK,BSU35000
hprP,BSU34970
hprT,BSU00680
hrcA,BSU25490
hslO,BSU00710
hslU,BSU16160
hslV,BSU16150
htpG,BSU39820
htpX,BSU13490
htrA,BSU12900
htrB,BSU33000
htrC,BSU40360
hutG,BSU39380
hutH,BSU39350
hutI,BSU39370
hutM,BSU02400
hutP,BSU39340
hutP1,BSU39340
hutU,BSU39360
hxlA,BSU03460
hxlB,BSU03450
hxlR,BSU03470
hypO,BSU07830
hypR,BSU40540
icd,BSU29130
icsM,BSU30830
idh,BSU39700
idi,BSU22870
iep,BSU35490
ileS,BSU15430
ilvA,BSU21770
ilvB,BSU28310
ilvC,BSU28290
ilvD,BSU21870
ilvE,BSU02390
ilvH,BSU28300
ilvK,BSU38550
ilvN,BSU28300
immA,BSU04810
immR,BSU04820
infA,BSU01390
infB,BSU16630
infC,BSU28870
int,BSU04800
iol,BSU39700
iolA,BSU39760
iolB,BSU39750
iolC,BSU39740
iolD,BSU39730
iolE,BSU39720
iolF,BSU39710
iolG,BSU39700
iolH,BSU39690
iolI,BSU39680
iolJ,BSU39670
iolQ,BSU10840
iolR,BSU39770
iolS,BSU39780
iolT,BSU06230
iolU,BSU31170
iolW,BSU33530
iolX,BSU10850
ipa-0r,BSU38550
ipa-10r,BSU38450
ipa-11d,BSU38440
ipa-12d,BSU38430
ipa-13r,BSU38420
ipa-14r,BSU38410
ipa-15r,BSU38400
ipa-16d,BSU38390
ipa-17d,BSU38380
ipa-18r,BSU38370
ipa-19d,BSU38360
ipa-1r,BSU38540
ipa-20r,BSU38350
ipa-21r,BSU38340
ipa-22r,BSU38330
ipa-23r,BSU38320
ipa-24d,BSU38310
ipa-25d,BSU38300
ipa-26d,BSU38290
ipa-27d,BSU38280
ipa-28d,BSU38270
ipa-29d,BSU38260
ipa-2r,BSU38530
ipa-30d,BSU38250
ipa-31r,BSU38240
ipa-32r,BSU38230
ipa-33d,BSU38220
ipa-34d,BSU38210
ipa-35d,BSU38200
ipa-36d,BSU38190
ipa-37d,BSU38170
ipa-38d,BSU38160
ipa-39d,BSU38150
ipa-3r,BSU38520
ipa-40d,BSU38140
ipa-41r,BSU38130
ipa-42d,BSU38120
ipa-43d,BSU38110
ipa-44d,BSU38100
ipa-45r,BSU38090
ipa-46d,BSU38080
ipa-47d,BSU38070
ipa-48r,BSU38060
ipa-49d,BSU38050
ipa-4r,BSU38510
ipa-50d,BSU38040
ipa-51d,BSU38030
ipa-52r,BSU38020
ipa-54d,BSU38000
ipa-55d,BSU37990
ipa-56d,BSU37980
ipa-57d,BSU37970
ipa-58r,BSU37960
ipa-59d,BSU37950
ipa-5r,BSU38500
ipa-60d,BSU37940
ipa-61d,BSU37930
ipa-62r,BSU37920
ipa-63d,BSU37910
ipa-64d,BSU37900
ipa-65d,BSU37890
ipa-66d,BSU37880
ipa-67d,BSU37870
ipa-68d,BSU37860
ipa-69d,BSU37850
ipa-6d,BSU38490
ipa-71d,BSU37840
ipa-72d,BSU37830
ipa-73d,BSU37820
ipa-74d,BSU37800
ipa-75d,BSU37790
ipa-76d,BSU37780
ipa-77d,BSU37770
ipa-78d,BSU37760
ipa-79d,BSU37750
ipa-7d,BSU38480
ipa-80d,BSU37740
ipa-81d,BSU37730
ipa-82d,BSU37720
ipa-83d,BSU37710
ipa-84d,BSU37700
ipa-85d,BSU37690
ipa-86r,BSU37680
ipa-87r,BSU37670
ipa-88d,BSU37660
ipa-89d,BSU37650
ipa-8r,BSU38470
ipa-90d,BSU37640
ipa-91d,BSU37630
ipa-92r,BSU37620
ipa-93d,BSU37600
ipa-9r,BSU38460
ipc-26r,BSU36980
ipc-27d,BSU36970
ipc-28d,BSU36960
ipc-29d,BSU36950
ipc-30d,BSU36940
ipc-31d,BSU36930
ipc-32d,BSU36920
ipc-33d,BSU36910
ipc-34d,BSU36900
ipc-35d,BSU36890
ipi,BSU11130
iscS,BSU27510
iscU,BSU32680
iseA,BSU18380
isp,BSU13190
ispA,BSU24280
ispD,BSU00900
ispE,BSU00460
ispF,BSU00910
ispG,BSU25070
ispH,BSU25160
ispU,BSU13200
jag,BSU41030
joeB,BSU22920
jofA,BSU22910
jofB,BSU22900
jofC,BSU22890
jofD,BSU22880
johF,BSU22810
jojC,BSU22510
jojD,BSU22500
jojF,BSU22480
jojG,BSU22470
jojH,BSU22460
jooB,BSU22340
jooC,BSU22330
jopB,BSU22310
jopC,BSU22300
kamA,BSU19690
kapB,BSU31460
kapD,BSU31470
kat-19,BSU08820
katA,BSU08820
katB,BSU39050
katE,BSU39050
katX,BSU38630
kbaA,BSU01560
kbl,BSU17000
kdgA,BSU22100
kdgK,BSU22110
kdgR,BSU22120
kdgT,BSU22090
kduD,BSU22140
kduI,BSU22130
khtS,BSU09870
khtT,BSU09860
khtU,BSU09850
kimA,BSU04320
kinA,BSU13990
kinB,BSU31450
kinC,BSU14490
kinD,BSU13660
kinE,BSU13530
kipA,BSU04090
kipI,BSU04080
kipR,BSU04100
kre,BSU14020
ksgA,BSU00420
ktrA,BSU31090
ktrB,BSU31100
ktrC,BSU14510
ktrD,BSU13500
lacA,BSU34130
lacR,BSU34170
lcfA,BSU28560
lcfB,BSU10270
lctE,BSU03050
lctP,BSU03060
ldcB,BSU19620
ldh,BSU03050
ldlJ,BSU_misc_RNA_3
ldt,BSU14040
lepA,BSU25510
leuA,BSU28280
leuB,BSU28270
leuC,BSU28270
leuD,BSU28250
leuS,BSU30320
levB,BSU34460
levD,BSU27070
levE,BSU27060
levF,BSU27050
levG,BSU27040
levR,BSU27080
lexA,BSU17850
lgt,BSU34990
liaF,BSU33100
liaG,BSU33110
liaH,BSU33120
liaI,BSU33130
liaR,BSU33080
liaS,BSU33090
licA,BSU38570
licB,BSU38590
licC,BSU38580
licH,BSU38560
licR,BSU38600
licS,BSU39070
licT,BSU39080
lig,BSU06620
ligA,BSU06620
ligB,BSU20500
ligD,BSU13400
lin-2,BSU02680
lip,BSU02700
lipA,BSU02700
lipB,BSU08350
lipC,BSU04110
lipL,BSU37640
lipM,BSU24530
lmrA,BSU02680
lmrB,BSU02670
lon,BSU28200
lonA,BSU28200
lonB,BSU28210
lpdV,BSU24060
lplA,BSU07100
lplB,BSU07110
lplC,BSU07120
lplD,BSU07130
lplJ,BSU10250
lppX,BSU35640
lrgA,BSU28910
lrgB,BSU28900
lrpA,BSU05050
lrpB,BSU05060
lrpC,BSU04250
lsp,BSU15450
lspA,BSU15450
lssD,BSU16760
lssF,BSU37100
ltaS,BSU07710
ltaSA,BSU07260
ltrC,BSU21830
lutA,BSU34050
lutB,BSU34040
lutC,BSU34030
lutP,BSU34190
lutR,BSU34180
luxS,BSU30670
lysA,BSU23380
lysC,BSU28470
lysP,BSU33330
lysS,BSU00820
lytA,BSU35640
lytB,BSU35630
lytC,BSU35620
lytD,BSU35780
lytE,BSU09420
lytF,BSU09370
lytG,BSU31120
lytH,BSU32340
lytR,BSU35650
lytS,BSU28930
lytT,BSU28920
maa,BSU40850
maeA,BSU37050
maeN,BSU31580
maf,BSU28050
malA,BSU08180
malK,BSU34570
malL,BSU34560
malP,BSU08200
malQ,BSU08210
malR,BSU31530
malS,BSU29880
manA,BSU12020
manP,BSU12010
manR,BSU12000
map,BSU01380
mapA,BSU01380
mapB,BSU07690
mazE,BSU04650
mazF,BSU04660
mazG,BSU22500
mbl,BSU36410
mbtH,BSU31959
mccA,BSU27260
mccB,BSU27250
mciZ,G8J2-21
mcpA,BSU31240
mcpB,BSU31260
mcpC,BSU13950
mcsA,BSU00840
mcsB,BSU00850
mdgA,BSU29390
mdgO,BSU29380
mdgP,BSU29370
mdgQ,BSU29360
mdgS,BSU29340
mdgT,BSU29350
mdh,BSU29120
mdr,BSU03070
mdtP,BSU32880
mdtR,BSU32870
mdxD,BSU34620
mdxE,BSU34610
mdxF,BSU34600
mdxG,BSU34590
mdxR,BSU34630
mecA,BSU11520
mecB,BSU22970
med,BSU11300
melA,BSU30300
menA,BSU38490
menB,BSU30800
menC,BSU30780
menD,BSU30820
menE,BSU30790
menF,BSU30830
menG,BSU22750
menH,BSU22750
mesJ,BSU00670
metA,BSU21910
metB,BSU21910
metC,BSU13180
metE,BSU30550
metI,BSU11870
metK,BSU30550
metN,BSU32730
metP,BSU32740
metQ,BSU32750
metS,BSU00380
mfd,BSU00550
mgsA,BSU22480
mgsR,BSU24770
mgtE,BSU13300
mhqA,BSU12870
mhqD,BSU19560
mhqE,BSU19570
mhqN,BSU05480
mhqO,BSU05490
mhqP,BSU05500
mhqR,BSU13670
miaA,BSU17330
mifM,BSU23880
minC,BSU28000
minD,BSU27990
minJ,BSU35220
mleA,BSU23550
mleN,BSU23560
mlpA,BSU16710
mmgA,BSU24170
mmgB,BSU24160
mmgC,BSU24150
mmgD,BSU24140
mmgE,BSU24130
mmgF,BSU24120
mmr,BSU37570
mmsA,BSU39760
mnaA,BSU35660
mneP,BSU05470
mneS,BSU06320
mnmA,BSU27500
mntA,BSU30770
mntB,BSU30760
mntC,BSU30750
mntD,BSU30740
mntH,BSU04360
mntR,BSU24520
moaA,BSU36700
moaB,BSU29460
moaC,BSU05960
moaD,BSU14310
moaE,BSU14300
mobA,BSU14260
mobB,BSU14290
moeA,BSU14280
moeB,BSU14270
mot,BSU13690
motA,BSU13690
motB,BSU13680
motP,BSU29730
motS,BSU29720
moxA,BSU29330
moxB,BSU29320
moxC,BSU29310
mpr,BSU02240
mprF,BSU08425
mraW,BSU15140
mraY,BSU15190
mraZ,BSU15130
mreB,BSU28030
mreBH,BSU14470
mreC,BSU28020
mreD,BSU28010
mrgA,BSU32990
mrgC,BSU22040
mrnC,BSU00950
mrpA,BSU31600
mrpB,BSU31610
mrpC,BSU31620
mrpD,BSU31630
mrpE,BSU31640
mrpF,BSU31650
mrpG,BSU31660
mscL,BSU36360
msmE,BSU30270
msmF,BSU30280
msmG,BSU30290
msmR,BSU30260
msmX,BSU38810
msrA,BSU21690
msrB,BSU21680
mstX,BSU31321
mta,BSU36600
mtaB,BSU25430
mtbP,BSU20250
mthA,BSU27270
mtlA,BSU03981
mtlB,BSU03990
mtlD,BSU03990
mtlF,BSU03982
mtlR,BSU04160
mtn,BSU27270
mtnA,BSU13550
mtnB,BSU13610
mtnD,BSU13620
mtnE,BSU13580
mtnF,BSU02390
mtnK,BSU13560
mtnN,BSU27270
mtnS,BSU13550
mtnU,BSU13570
mtnV,BSU13580
mtnW,BSU13590
mtnX,BSU13600
mtrA,BSU22780
mtrB,BSU22770
murA,BSU36760
murAA,BSU36760
murAB,BSU37100
murB,BSU15230
murC,BSU29790
murD,BSU15200
murE,BSU15180
murF,BSU04570
murG,BSU15220
murJ,BSU30050
murQ,BSU01700
murZ,BSU37100
mutI,BSU16580
mutL,BSU17050
mutM,BSU29080
mutS,BSU17040
mutS2,BSU28580
mutSB,BSU28580
mutT,BSU04330
mutTA,BSU30630
mutY,BSU08630
nadA,BSU27850
nadB,BSU27870
nadC,BSU27860
nadD,BSU25640
nadE,BSU03130
nadF,BSU11610
nadR,BSU27890
nagA,BSU35010
nagB,BSU35020
nagBA,BSU35020
nagBB,BSU02360
nagP,BSU07700
nagR,BSU35030
nagZ,BSU01660
nalA,BSU00070
namA,BSU23820
nap,BSU05440
narA,BSU36700
narAA,BSU36710
narAB,BSU36700
narB,BSU03310
narG,BSU37280
narH,BSU37270
narI,BSU37250
narJ,BSU37260
narK,BSU37320
narQ,BSU36710
nasA,BSU03330
nasB,BSU03320
nasBA,BSU03320
nasBB,BSU03310
nasBC,BSU03300
nasBD,BSU03290
nasBE,BSU03280
nasC,BSU03310
nasD,BSU03300
nasE,BSU03290
nasF,BSU03280
natA,BSU02750
natA (duplicate),BSU09890
natB,BSU02760
natB (duplicate),BSU09900
natK,BSU02730
natR,BSU02740
ndh,BSU12290
ndhF,BSU01830
ndk,BSU22730
ndoA,BSU04660
nfo,BSU25130
nfrA,BSU38110
nhaC,BSU09680
nhaK,BSU33420
nhaX,BSU09690
niaP,BSU02950
niaR,BSU27890
nicK,BSU04870
nifS,BSU27880
nifZ,BSU29590
nin,BSU03420
nirB,BSU03300
nirD,BSU03290
noc,BSU40990
norM,BSU19440
nosA,BSU07630
novA,BSU00060
nprB,BSU11100
nprE,BSU14700
nrdE,BSU17380
nrdEB,BSU20060
nrdF,BSU17390
nrdFB,BSU20040
nrdI,BSU17370
nrdIB,BSU20070
nrdR,BSU29000
nrg-21,BSU06310
nrgA,BSU36510
nrgB,BSU36520
nrnA,BSU29250
nrnB,BSU18200
nsrR,BSU09380
ntdA,BSU10550
ntdB,BSU10540
ntdC,BSU10530
ntdR,BSU10560
nth,BSU22340
ntrA,BSU31600
nucA,BSU03430
nucB,BSU25750
nudF,BSU23610
nudG,BSU04330
nupC,BSU39410
nupG,BSU39020
nupN,BSU31540
nupO,BSU31550
nupP,BSU31560
nupQ,BSU31570
nusA,BSU16600
nusB,BSU24320
nusG,BSU01010
oatA,BSU27140
obg,BSU27920
odhA,BSU19370
odhB,BSU19360
ogt,BSU13540
ohrA,BSU13140
ohrB,BSU13160
ohrR,BSU13150
opcR,BSU33840
oppA,BSU11430
oppB,BSU11440
oppC,BSU11450
oppD,BSU11460
oppF,BSU11470
opuAA,BSU02980
opuAB,BSU02990
opuAC,BSU03000
opuBA,BSU33730
opuBB,BSU33720
opuBC,BSU33710
opuBD,BSU33700
opuCA,BSU33830
opuCB,BSU33820
opuCC,BSU33810
opuCD,BSU33800
opuD,BSU30070
opuE,BSU06660
orf-62,G8J2-7
outB,BSU03130
outG,BSU17190
oxa1,BSU41040
oxa2,BSU23890
oxaA2,BSU23890
oxaAA,BSU41040
oxaAB,BSU23890
oxdC,BSU33240
oxdD,BSU18670
pab,BSU00740
pabA,BSU00750
pabB,BSU00740
pabC,BSU00760
pac,BSU18410
pad,BSU34400
padC,BSU34400
padR,BSU08340
paiA,BSU32150
paiB,BSU32140
pal,BSU14620
pamR,BSU04770
panB,BSU22430
panC,BSU22420
panD,BSU22410
panE,BSU14440
papA,BSU24460
papB,BSU13860
papQ,BSU09420
papS,BSU22450
parA,BSU40970
parB,BSU40960
parC,BSU18100
parE,BSU18090
patA,BSU14000
patB,BSU31440
pbp,BSU18350
pbpA,BSU25000
pbpB,BSU15160
pbpC,BSU04140
pbpD,BSU31490
pbpE,BSU34440
pbpF,BSU10110
pbpG,BSU37510
pbpH,BSU13980
pbpI,BSU27310
pbpX,BSU16950
pbuE,BSU05800
pbuG,BSU06370
pbuO,BSU29990
pbuX,BSU22060
pcf,BSU12560
pchR,BSU35080
pckA,BSU30560
pcp,BSU02650
pcrA,BSU06610
pcrB,BSU06600
pdaA,BSU07980
pdaC,BSU12100
pdeH,BSU31740
pdhA,BSU14580
pdhB,BSU14590
pdhC,BSU14600
pdhD,BSU14610
pdp,BSU39400
pdxK,BSU38020
pdxS,BSU00110
pdxT,BSU00120
pel,BSU07560
pelB,BSU18650
pelC,BSU34950
penP,BSU18800
pepA,BSU32050
pepF,BSU11540
pepT,BSU38920
perR,BSU08730
petB,BSU22550
petC,BSU22560
petD,BSU22540
pfeT,BSU13850
pfk,BSU29190
pfkA,BSU29190
pftA,BSU28910
pftB,BSU28900
pgcA,BSU09310
pgcM,BSU34550
pgdS,BSU35860
pghB,BSU12480
pghC,BSU17270
pghL,BSU17820
pghZ,BSU20460
pgi,BSU31350
pgk,BSU33930
pgl,BSU13010
pgm,BSU33910
pgpH,BSU25330
pgsA,BSU35880
pgsB,BSU35900
pgsC,BSU35890
pgsE,BSU35870
pheA,BSU27900
pheB,BSU27910
pheC,BSU09570
pheS,BSU28640
pheT,BSU28630
phoA,BSU09410
phoAIII,BSU05740
phoAIV,BSU09410
phoB,BSU05740
phoD,BSU02620
phoE,BSU10340
phoH,BSU25340
phoP,BSU29110
phoR,BSU29100
phrA,BSU12440
phrC,BSU03780
phrE,BSU25840
phrF,BSU37470
phrG,BSU40310
phrH,BSU06839
phrI,BSU05020
phrK,BSU18920
phy,BSU19800
pig,BSU06300
pit,BSU12840
pksA,BSU17190
pksB,BSU17090
pksC,BSU17100
pksD,BSU17110
pksE,BSU17120
pksF,BSU17140
pksG,BSU17150
pksH,BSU17160
pksI,BSU17170
pksJ,BSU17180
pksK,BSU17180
pksL,BSU17190
pksM,BSU17200
pksN,BSU17210
pksP,BSU17210
pksR,BSU17220
pksS,BSU17230
pksX,BSU17190
plsC,BSU09540
plsX,BSU15890
plsY,BSU18070
pmi,BSU12020
pnbA,BSU34390
pncA,BSU31760
pncB,BSU31750
pnp,BSU23490
pnpA,BSU16690
polA,BSU29090
polC,BSU16580
polX,BSU28590
polYA,BSU23870
polYB,BSU23710
ponA,BSU10110
ppaC,BSU40550
ppaX,BSU34970
ppc,BSU30560
ppiB,BSU23360
ppnKA,BSU11610
ppnKB,BSU29540
ppr,BSU18650
pps,BSU18830
ppsA,BSU18340
ppsB,BSU18330
ppsC,BSU18320
ppsD,BSU18310
ppsE,BSU18300
prcR,BSU03230
prfA,BSU22310
prfB,BSU35290
prg71,BSU13950
priA,BSU15710
prkA,BSU08970
prkC,BSU15770
prkD,BSU02030
prmA,BSU25450
prmC,BSU37000
proA,BSU13130
proB,BSU13120
proG,BSU12910
proH,BSU18480
proI,BSU23800
proJ,BSU18470
proS,BSU16570
proV,BSU33730
proW,BSU33720
proX,BSU33710
proZ,BSU33700
prp,BSU27950
prpB,BSU24120
prpC,BSU24140
prpD,BSU24130
prpE,BSU11630
prs,BSU00510
prsA,BSU09950
prsT,BSU10060
prsW,BSU22940
prtR,BSU21940
psd,BSU02290
psdA,BSU34700
psdB,BSU34690
psdR,BSU34720
psdS,BSU34710
psiE,BSU26410
pspA,BSU06180
pss,BSU02270
pssA,BSU02270
pstA,BSU24970
pstB,BSU24960
pstBA,BSU24960
pstBB,BSU24950
pstC,BSU24980
pstS,BSU24990
pta,BSU37660
ptb,BSU24090
pth,BSU00530
ptkA,BSU36250
ptkB,BSU34360
ptpZ,BSU36240
ptsA,BSU22230
ptsG,BSU13890
ptsH,BSU13900
ptsI,BSU13910
ptsK,BSU35000
ptsX,BSU13890
pucA,BSU32510
pucB,BSU32500
pucC,BSU32490
pucD,BSU32480
pucE,BSU32470
pucF,BSU32530
pucG,BSU32520
pucH,BSU32410
pucI,BSU36470
pucJ,BSU32430
pucK,BSU32440
pucL,BSU32450
pucM,BSU32460
pucR,BSU32420
punA,BSU23490
pupG,BSU23490
purA,BSU40420
purB,BSU06440
purC,BSU06450
purD,BSU06530
purE,BSU06420
purF,BSU06490
purH,BSU06520
purJ,BSU06520
purK,BSU06430
purL,BSU06480
purM,BSU06500
purN,BSU06510
purQ,BSU06470
purR,BSU00470
purS,BSU06460
purT,BSU02230
purU,BSU13110
putB,BSU03200
putC,BSU03210
putP,BSU03220
putR,BSU03230
pxpA,BSU04050
pxpB,BSU04080
pxpC,BSU04110
pycA,BSU14860
pyk,BSU29180
pykA,BSU29180
pyrAA,BSU15510
pyrAB,BSU15520
pyrB,BSU15490
pyrC,BSU15500
pyrD,BSU15540
pyrDI,BSU15540
pyrDII,BSU15530
pyrE,BSU15560
pyrF,BSU15550
pyrG,BSU37150
pyrH,BSU16510
pyrK,BSU15530
pyrP,BSU15480
pyrR,BSU15470
pyrX,BSU15560
qcrA,BSU22560
qcrB,BSU22550
qcrC,BSU22540
qdoI,BSU39980
qdoR,BSU39990
qodI,BSU39980
qoxA,BSU38170
qoxB,BSU38160
qoxC,BSU38150
qoxD,BSU38140
queA,BSU27720
queC,BSU13720
queD,BSU13730
queE,BSU13740
queF,BSU13750
queG,BSU08910
racA,BSU37030
racE,BSU28390
racX,BSU34430
radA,BSU00870
radC,BSU28040
rae1,BSU00970
rapA,BSU12430
rapB,BSU36690
rapC,BSU03770
rapD,BSU36380
rapE,BSU25830
rapF,BSU37460
rapG,BSU40300
rapH,BSU06830
rapI,BSU05010
rapJ,BSU02820
rapK,BSU18910
rarA,BSU27530
rasP,BSU16560
ratA,G8J2-14
rbfA,BSU16650
rbfK,BSU29300
rbgA,BSU16050
rbsA,BSU35940
rbsB,BSU35960
rbsC,BSU35950
rbsD,BSU35930
rbsK,BSU35920
rbsR,BSU35910
recA,BSU16940
recD2,BSU27480
recE,BSU16940
recE5,BSU10630
recF,BSU00040
recG,BSU22310
recJ,BSU27620
recM,BSU00210
recN,BSU24240
recO,BSU25280
recQ,BSU23020
recR,BSU00210
recS,BSU23020
recU,BSU22310
recX,BSU08520
refZ,BSU29630
relA,BSU27600
relC,BSU01020
relP,BSU38480
relQ,BSU11600
remA,BSU15670
remB,BSU00050
resA,BSU23150
resB,BSU23140
resC,BSU23130
resD,BSU23120
resE,BSU23110
rev-4,BSU37100
rex,BSU05970
rghR,BSU33660
rghRA,BSU33660
rghRB,BSU33670
rgpA,BSU14629
rhaA,BSU31180
rhaB,BSU31200
rhaEW,BSU31220
rhaM,BSU31190
rhaR,BSU31210
rhgT,BSU07020
rhgZ,BSU07080
rho,BSU37080
ribA,BSU23260
ribAB,BSU23260
ribB,BSU23270
ribBA,BSU23260
ribC,BSU16670
ribD,BSU23280
ribE,BSU23270
ribG,BSU23280
ribH,BSU23250
ribR,BSU29300
ribT,BSU23240
ribU,BSU23050
ricA,BSU17020
ricF,BSU14990
ricT,BSU00320
rimI,BSU05930
rimM,BSU16020
rimO,BSU25430
ripX,BSU23510
rlmB,BSU00960
rlmCD,BSU06730
rlmN,BSU15750
rluB,BSU23160
rluD,BSU15460
rnaC,G8J2-161
rnc,BSU15930
rncS,BSU15930
rnh,BSU16060
rnhB,BSU16060
rnhC,BSU28620
rnjA,BSU14530
rnjB,BSU16780
rnmV,BSU00410
rnpA,BSU41050
rnpB,BSU_misc_RNA_35
rnr,BSU33610
rny,BSU16960
rnz,BSU23840
rocA,BSU37780
rocB,BSU37770
rocC,BSU37760
rocD,BSU40340
rocE,BSU40330
rocF,BSU40320
rocG,BSU37790
rocR,BSU40350
rodA,BSU38120
rodB,BSU28010
rodC,BSU35720
rodD,BSU35730
rodZ,BSU16910
rok,BSU14240
roxS,G8J2-160
rpe,BSU15790
rph,BSU28370
rplA,BSU01030
rplB,BSU01190
rplC,BSU01160
rplD,BSU01170
rplE,BSU01280
rplF,BSU01310
rplGA,BSU16620
rplGB,BSU01090
rplI,BSU40500
rplJ,BSU01040
rplK,BSU01020
rplL,BSU01050
rplM,BSU01490
rplNA,BSU01260
rplO,BSU01350
rplP,BSU01230
rplQ,BSU01440
rplR,BSU01320
rplS,BSU16040
rplT,BSU28850
rplU,BSU27960
rplV,BSU01210
rplW,BSU01180
rplX,BSU01270
rpmA,BSU27940
rpmB,BSU15820
rpmC,BSU01240
rpmD,BSU01340
rpmE,BSU37070
rpmEA,BSU37070
rpmEB,BSU30700
rpmF,BSU15080
rpmG,BSU00990
rpmGA,BSU24900
rpmGB,BSU00990
rpmH,BSU41060
rpmI,BSU28860
rpmJ,BSU01400
rpmX,BSU01400
rpoA,BSU01430
rpoB,BSU01070
rpoC,BSU01080
rpoD,BSU25200
rpoE,BSU37160
rpoF,BSU04730
rpoY,BSU14540
rpoZ,BSU15690
rppH,BSU30630
rpsB,BSU16490
rpsC,BSU01220
rpsD,BSU29660
rpsE,BSU01330
rpsF,BSU40910
rpsG,BSU01110
rpsH,BSU01300
rpsI,BSU01500
rpsJ,BSU01150
rpsK,BSU01420
rpsL,BSU01100
rpsM,BSU01410
rpsNA,BSU01290
rpsNB,BSU08880
rpsO,BSU16680
rpsP,BSU15990
rpsQ,BSU01250
rpsR,BSU40890
rpsS,BSU01200
rpsT,BSU25550
rpsU,BSU25410
rrnA-16S,BSU_RRNA_4
rrnA-23S,BSU_RRNA_5
rrnA-5S,BSU_RRNA_26
rrnB-16S,BSU_RRNA_19
rrnB-23S,BSU_RRNA_20
rrnB-5S,BSU_RRNA_21
rrnD-16S,BSU_RRNA_22
rrnD-23S,BSU_RRNA_17
rrnD-5S,BSU_RRNA_18
rrnE-16S,BSU_RRNA_30
rrnE-23S,BSU_RRNA_12
rrnE-5S,BSU_RRNA_13
rrnG-16S,BSU_RRNA_25
rrnG-23S,BSU_RRNA_27
rrnG-5S,BSU_RRNA_28
rrnH-16S,BSU_RRNA_16
rrnH-23S,BSU_RRNA_29
rrnH-5S,BSU_RRNA_24
rrnI-16S,BSU_RRNA_23
rrnI-23S,BSU_RRNA_14
rrnI-5S,BSU_RRNA_15
rrnJ-16S,BSU_RRNA_6
rrnJ-23S,BSU_RRNA_7
rrnJ-5S,BSU_RRNA_8
rrnO-16S,BSU_RRNA_1
rrnO-23S,BSU_RRNA_2
rrnO-5S,BSU_RRNA_3
rrnW-16S,BSU_RRNA_9
rrnW-23S,BSU_RRNA_10
rrnW-5S,BSU_RRNA_11
rsaE,G8J2-160
rsbP,BSU34110
rsbQ,BSU34100
rsbR,BSU04670
rsbRA,BSU04670
rsbRB,BSU13200
rsbRC,BSU19450
rsbRD,BSU24760
rsbS,BSU04680
rsbT,BSU04690
rsbU,BSU04700
rsbV,BSU04710
rsbW,BSU04720
rsbX,BSU04740
rseP,BSU16560
rsfA,BSU37620
rsgA,BSU15780
rsgI,BSU13460
rsiO,BSU33250
rsiV,BSU27130
rsiW,BSU01740
rsiX,BSU23090
rsmB,BSU15740
rsmE,BSU25440
rsmG,BSU41000
rsmH,BSU15140
rsoA,BSU33222
rtaD,G8J2-17
rtbD,BSU39300
rtbE,BSU39290
rtbI,BSU19220
rtbJ,BSU19230
rtbN,BSU36190
rtbO,BSU36180
rtp,BSU18490
rtpA,BSU02530
ruvA,BSU27740
ruvB,BSU27730
sacA,BSU38040
sacB,BSU34450
sacC,BSU27030
sacL,BSU27070
sacP,BSU38050
sacQ,BSU31720
sacS,BSU38420
sacT,BSU38070
sacU,BSU35480
sacV,BSU04830
sacX,BSU38410
sacY,BSU38420
safA,BSU27840
salA,BSU01540
sapB,BSU06650
sasA,BSU38480
sasB,BSU11600
sat,BSU15970
satA,BSU40740
sbcC,BSU10650
sbcD,BSU10640
sbcE,BSU09920
sbo,BSU37350
sboA,BSU37350
sboX,BSU37360
sbp,BSU15270
scgR,BSU13310
sco,BSU21750
scoA,BSU38990
scoB,BSU38980
scoC,BSU09990
scoD,BSU13990
scpA,BSU23220
scpB,BSU23210
scr,BSU_misc_RNA_2
scuA,BSU21750
sda,BSU25690
sdaA,BSU15860
sdaAA,BSU15860
sdaAB,BSU15850
sdhA,BSU28440
sdhB,BSU28430
sdhC,BSU28450
sdpA,BSU33750
sdpB,BSU33760
sdpC,BSU33770
sdpI,BSU33780
sdpR,BSU33790
seaA,BSU22850
secA,BSU35300
secD,BSU27650
secDF,BSU27650
secE,BSU01000
secF,BSU27650
secG,BSU33630
secY,BSU01360
senS,BSU08810
sepF,BSU15390
serA,BSU23070
serB,BSU28940
serC,BSU10020
serS,BSU00130
sftA,BSU29805
shaA,BSU31600
sigA,BSU25200
sigB,BSU04730
sigD,BSU16470
sigE,BSU15320
sigF,BSU23450
sigG,BSU15330
sigH,BSU00980
sigI,BSU13450
sigL,BSU34200
sigM,BSU09520
sigO,BSU33230
sigV,BSU27120
sigW,BSU01730
sigX,BSU23100
sigY,BSU38700
sigZ,BSU26840
sin,BSU24610
sinI,BSU24600
sinR,BSU24610
sipS,BSU23310
sipT,BSU14410
sipU,BSU04010
sipV,BSU10490
sipW,BSU24630
sirA,BSU17900
sirB,BSU15620
sirC,BSU15630
sivA,BSU37800
sivB,BSU31080
sivC,BSU15960
skfA,BSU01910
skfB,BSU01920
skfC,BSU01935
skfD,BSU01935
skfE,BSU01950
skfF,BSU01960
skfG,BSU01970
skfH,BSU01980
sknR,BSU26350
sleB,BSU22930
slp,BSU14620
slr,BSU34380
slrA,BSU38229
slrR,BSU34380
smbA,BSU16510
smc,BSU15940
smf,BSU16110
smiA,BSU35319
smpB,BSU33600
sms,BSU00870
snaA,BSU29390
snaB,BSU39510
sncO,G8J2-172
sncZ,G8J2-174
sndA,BSU29290
sndB,BSU39470
sndC,BSU10070
snpA,BSU00940
sodA,BSU25020
sodC,BSU19400
sodF,BSU19330
sof-1,BSU24220
soj,BSU40970
spbT,BSU21000
speA,BSU14630
speB,BSU37490
speD,BSU29010
speE,BSU37500
spl,BSU13930
splA,BSU13920
splB,BSU13930
spmA,BSU23180
spmB,BSU23170
spo0A,BSU24220
spo0B,BSU27930
spo0C,BSU24220
spo0D,BSU27930
spo0E,BSU13640
spo0F,BSU37130
spo0G,BSU24220
spo0H,BSU00980
spo0J,BSU40960
spo0J87,BSU41040
spo0JA,BSU40970
spo0JB,BSU40960
spo0KA,BSU11430
spo0KB,BSU11440
spo0KC,BSU11450
spo0KD,BSU11460
spo0KE,BSU11470
spo0L,BSU12430
spo0M,BSU08760
spo0P,BSU36690
spoIIAA,BSU23470
spoIIAB,BSU23460
spoIIAC,BSU23450
spoIIB,BSU28060
spoIIC,BSU36750
spoIID,BSU36750
spoIIE,BSU00640
spoIIF,BSU13990
spoIIGA,BSU15310
spoIIGB,BSU15320
spoIIH,BSU00640
spoIIIAA,BSU24430
spoIIIAB,BSU24420
spoIIIAC,BSU24410
spoIIIAD,BSU24400
spoIIIAE,BSU24390
spoIIIAF,BSU24380
spoIIIAG,BSU24370
spoIIIAH,BSU24360
spoIIIC,BSU26390
spoIIID,BSU36420
spoIIIE,BSU16800
spoIIIF,BSU27670
spoIIIG,BSU15330
spoIIIJ,BSU41040
spoIIIL,BSU24660
spoIIJ,BSU13990
spoIIK,BSU00640
spoIIL,BSU24220
spoIIM,BSU23530
spoIIN,BSU15280
spoIIP,BSU25530
spoIIQ,BSU36550
spoIIR,BSU36970
spoIISA,BSU12830
spoIISB,BSU12820
spoIISC,G8J2-162
spoIIT,BSU36770
spoIVA,BSU22800
spoIVB,BSU24230
spoIVCA,BSU25770
spoIVCB,BSU25760
spoIVD,BSU26390
spoIVE,BSU26390
spoIVFA,BSU27980
spoIVFB,BSU27970
spoIVH,BSU13840
spoVAA,BSU23440
spoVAB,BSU23430
spoVAC,BSU23420
spoVAD,BSU23410
spoVAE,BSU23402
spoVAEA,BSU23401
spoVAEB,BSU23402
spoVAF,BSU23390
spoVB,BSU27670
spoVC,BSU00530
spoVD,BSU15170
spoVE,BSU15210
spoVFA,BSU16730
spoVFB,BSU16740
spoVG,BSU00490
spoVID,BSU28110
spoVIF,BSU11810
spoVJ,BSU17420
spoVK,BSU17420
spoVL,BSU27980
spoVM,BSU15810
spoVN,BSU31930
spoVP,BSU22800
spoVR,BSU09400
spoVS,BSU16980
spoVT,BSU00560
spoVV,BSU15030
sppA,BSU29530
sprA,BSU21660
sprB,BSU19820
sprE,BSU10300
spsA,BSU37910
spsB,BSU37900
spsC,BSU37890
spsD,BSU37880
spsE,BSU37870
spsF,BSU37860
spsG,BSU37850
spsH,BSU37850
spsI,BSU37840
spsJ,BSU37830
spsK,BSU37820
spsL,BSU37810
spx,BSU11500
spxA,BSU11500
spxH,BSU11550
sqhC,BSU19320
sr4,G8J2-17
sr5,G8J2-164
srb,BSU15950
srfAA,BSU03480
srfAB,BSU03490
srfAC,BSU03510
srfAD,BSU03520
srfB,BSU31670
srrA,G8J2-6
srtA,BSU09200
srtN,BSU09650
ssb,BSU14490
ssbA,BSU40900
ssbB,BSU36310
sscA,BSU09958
sscB,G8J2-7
sspA,BSU29570
sspB,BSU09750
sspC,BSU19950
sspD,BSU13470
sspE,BSU08660
sspF,BSU00450
sspG,BSU32640
sspH,BSU08110
sspI,BSU28660
sspJ,BSU33340
sspK,BSU08550
sspL,BSU22000
sspM,BSU22290
sspN,BSU18020
sspO,BSU17990
sspP,BSU17980
ssrA,BSU_misc_RNA_55
ssrSA,BSU_misc_RNA_32
ssrSB,BSU_misc_RNA_41
ssuA,BSU08840
ssuB,BSU08830
ssuC,BSU08850
ssuD,BSU08860
steT,BSU12860
stoA,BSU13840
strA,BSU01100
sucC,BSU16090
sucD,BSU16100
sufB,BSU32670
sufC,BSU32710
sufD,BSU32700
sufL,BSU27020
sufS,BSU32690
sufU,BSU32680
suhB,BSU14670
sul,BSU00770
sumT,BSU15610
sun,BSU15740
sunA,BSU21480
sunI,BSU21490
sunS,BSU21450
sunT,BSU21470
sup-3,BSU_TRNA_49
surA,G8J2-8
surC,G8J2-9
surF,G8J2-161
swaO,BSU_misc_RNA_7
swrAB,BSU35220
swrB,BSU16480
swrC,BSU06710
swrD,BSU16299
sytA,BSU39270
tadA,BSU00180
tagA,BSU35750
tagB,BSU35760
tagC,BSU35770
tagD,BSU35740
tagE,BSU35730
tagF,BSU35720
tagG,BSU35710
tagH,BSU35700
tagO,BSU35530
tagT,BSU35840
tagU,BSU35650
tagV,BSU35520
tal,BSU37110
tapA,BSU24640
tasA,BSU24620
tatAC,BSU17710
tatAD,BSU02630
tatAY,BSU05980
tatCD,BSU02640
tatCY,BSU05990
tcdA,BSU27540
tcyA,BSU03610
tcyB,BSU03600
tcyC,BSU03590
tcyJ,BSU29380
tcyK,BSU29370
tcyL,BSU29360
tcyM,BSU29350
tcyN,BSU29340
tcyP,BSU09130
tdh,BSU16990
tdk,BSU37060
tenA,BSU11650
tenI,BSU11660
tepA,BSU16790
tetA,BSU40770
tetA(L),BSU40770
tetB,BSU40770
tetL,BSU40780
tgl,BSU31270
tgt,BSU27710
thdF,BSU41020
thiA,BSU08790
thiC,BSU08790
thiD,BSU38020
thiE,BSU38290
thiF,BSU11700
thiG,BSU11690
thiI,BSU29580
thiK,BSU38300
thiL,BSU05900
thiM,BSU38300
thiN,BSU15800
thiO,BSU11670
thiQ,BSU15350
thiS,BSU11680
thiT,BSU30990
thiU,BSU13240
thiV,BSU13230
thiW,BSU13220
thiX,BSU13210
thrA,BSU32240
thrB,BSU32250
thrC,BSU32250
thrD,BSU03790
thrR,BSU27910
thrS,BSU28950
thrS2,BSU37560
thrZ,BSU37560
thyA,BSU17680
thyB,BSU21820
tig,BSU28230
tilS,BSU00670
tim,BSU33920
tkmA,BSU36260
tkt,BSU17890
tktA,BSU17890
tlp,BSU18030
tlpA,BSU31250
tlpB,BSU31230
tlpC,BSU03440
tmk,BSU00280
tmp,BSU21810
tmrB,BSU03140
tms,BSU00500
tms-12,BSU15240
tms26,BSU00500
tmtB,BSU25430
tnrA,BSU13310
topA,BSU16120
topB,BSU04260
topI,BSU16120
tpi,BSU33920
tpiA,BSU33920
tpx,BSU29490
treA,BSU07810
treB,BSU07800
treC,BSU07810
treP,BSU07800
treR,BSU07820
trkA,BSU26640
trmB,BSU29900
trmD,BSU16030
trmE,BSU41020
trmF,BSU41010
trmFO,BSU16130
trmK,BSU25180
trmR,BSU27360
trmU,BSU27500
trnA-Ala,BSU_TRNA_9
trnA-Ile,BSU_TRNA_8
trnB-Ala,BSU_TRNA_60
trnB-Arg,BSU_TRNA_58
trnB-Asn,BSU_TRNA_70
trnB-Asp,BSU_TRNA_65
trnB-Glu,BSU_TRNA_72
trnB-Gly1,BSU_TRNA_56
trnB-Gly2,BSU_TRNA_68
trnB-His,BSU_TRNA_67
trnB-Ile1,BSU_TRNA_62
trnB-Ile2,BSU_TRNA_69
trnB-Leu1,BSU_TRNA_55
trnB-Leu2,BSU_TRNA_57
trnB-Lys,BSU_TRNA_54
trnB-Met1,BSU_TRNA_61
trnB-Met2,BSU_TRNA_64
trnB-Met3,BSU_TRNA_62
trnB-Phe,BSU_TRNA_66
trnB-Pro,BSU_TRNA_59
trnB-Ser1,BSU_TRNA_63
trnB-Ser2,BSU_TRNA_71
trnB-Thr,BSU_TRNA_53
trnB-Val,BSU_TRNA_52
trnD-Asn,BSU_TRNA_29
trnD-Asp,BSU_TRNA_34
trnD-Cys,BSU_TRNA_42
trnD-Gln,BSU_TRNA_40
trnD-Glu,BSU_TRNA_31
trnD-Gly,BSU_TRNA_41
trnD-His,BSU_TRNA_39
trnD-Leu1,BSU_TRNA_43
trnD-Leu2,BSU_TRNA_44
trnD-Met,BSU_TRNA_33
trnD-Phe,BSU_TRNA_35
trnD-Ser,BSU_TRNA_30
trnD-Thr,BSU_TRNA_36
trnD-Trp,BSU_TRNA_38
trnD-Tyr,BSU_TRNA_37
trnD-Val,BSU_TRNA_32
trnE,BSU_TRNA_58
trnE-Arg,BSU_TRNA_79
trnE-Asp,BSU_TRNA_22
trnE-Gly,BSU_TRNA_80
trnE-Met,BSU_TRNA_21
trnH,BSU_TRNA_25
trnI-Ala,BSU_TRNA_28
trnI-Arg,BSU_TRNA_26
trnI-Asn,BSU_TRNA_23
trnI-Gly,BSU_TRNA_25
trnI-Pro,BSU_TRNA_27
trnI-Thr,BSU_TRNA_24
trnJ-Ala,BSU_TRNA_20
trnJ-Arg,BSU_TRNA_18
trnJ-Gly,BSU_TRNA_16
trnJ-Leu1,BSU_TRNA_15
trnJ-Leu2,BSU_TRNA_17
trnJ-Lys,BSU_TRNA_14
trnJ-Pro,BSU_TRNA_19
trnJ-Thr,BSU_TRNA_13
trnJ-Val,BSU_TRNA_12
trnO-Ala,BSU_TRNA_6
trnO-Ile,BSU_TRNA_5
trnQ-Arg,BSU_TRNA_81
trnR,BSU_TRNA_29
trnS-Asn,BSU_TRNA_45
trnS-Gln,BSU_TRNA_48
trnS-Glu,BSU_TRNA_47
trnS-Leu1,BSU_TRNA_50
trnS-Leu2,BSU_TRNA_51
trnS-Lys,BSU_TRNA_49
trnS-Ser,BSU_TRNA_46
trnSL-Ala1,BSU_TRNA_86
trnSL-Arg1,BSU_TRNA_85
trnSL-Arg2,BSU_TRNA_84
trnSL-Gln1,BSU_TRNA_73
trnSL-Gln2,BSU_TRNA_74
trnSL-Glu1,BSU_TRNA_11
trnSL-Glu2,BSU_TRNA_75
trnSL-Gly1,BSU_TRNA_82
trnSL-Met1,BSU_TRNA_10
trnSL-Ser1,BSU_TRNA_7
trnSL-Thr1,BSU_TRNA_76
trnSL-Tyr1,BSU_TRNA_77
trnSL-Val1,BSU_TRNA_78
trnSL-Val2,BSU_TRNA_83
trnY-Asp,BSU_TRNA_2
trnY-Glu,BSU_TRNA_3
trnY-Lys,BSU_TRNA_4
trnY-Phe,BSU_TRNA_1
trpA,BSU22630
trpB,BSU22640
trpC,BSU22660
trpD,BSU22670
trpE,BSU22680
trpF,BSU22650
trpG,BSU00750
trpP,BSU10010
trpS,BSU11420
trpX,BSU00750
truA,BSU01480
truB,BSU16660
trx,BSU28500
trxA,BSU28500
trxB,BSU34790
ts-1,BSU15290
ts-341,BSU35300
tsaB,BSU05920
tsaC,BSU36950
tsaD,BSU05940
tsaE,BSU05910
tscBGH,BSU03130
tseB,BSU22380
tsf,BSU16500
tsp,BSU01020
tsr,BSU37120
tuaB,BSU35600
tuaC,BSU35590
tuaD,BSU35580
tuaE,BSU35570
tuaF,BSU35560
tuaG,BSU35550
tuaH,BSU35540
tufA,BSU01130
txpA,BSU26050
typA,BSU14770
tyrA,BSU22610
tyrS,BSU29670
tyrS1,BSU38460
tyrT,BSU38460
tyrZ,BSU38460
uat,BSU14000
ubiD,BSU03640
ubiX,BSU03630
udk,BSU27330
ugd,BSU36230
ugtP,BSU21920
ung,BSU37970
upp,BSU36890
uppP,BSU31150
uppS,BSU16530
ureA,BSU36660
ureB,BSU36650
ureC,BSU36640
usd,BSU36430
uvrA,BSU35170
uvrB,BSU28490
uvrC,BSU28490
uvrX,BSU21500
uxaA,BSU12390
uxaB,BSU12380
uxaC,BSU12300
uxuA,BSU12340
uxuB,BSU12350
valS,BSU28090
veg,BSU00440
vmlR,BSU05610
vpr,BSU38090
walH,BSU40390
walI,BSU40380
walJ,BSU40370
walK,BSU40400
walR,BSU40410
wapA,BSU39230
wapI,BSU39220
whiA,BSU34750
wprA,BSU10770
xepA,BSU12780
xhlA,BSU12790
xhlB,BSU12800
xis,BSU04830
xkdA,BSU12500
xkdB,BSU12520
xkdC,BSU12530
xkdD,BSU12540
xkdE,BSU12590
xkdF,BSU12600
xkdG,BSU12610
xkdH,BSU12620
xkdI,BSU12630
xkdJ,BSU12640
xkdK,BSU12650
xkdM,BSU12660
xkdN,BSU12672
xkdO,BSU12680
xkdP,BSU12690
xkdQ,BSU12700
xkdR,BSU12710
xkdS,BSU12720
xkdT,BSU12730
xkdU,BSU12740
xkdV,BSU12750
xkdW,BSU12760
xkdX,BSU12770
xkdY,BSU12780
xkzA,BSU12749
xkzB,BSU12672
xlyA,BSU12810
xlyB,BSU12460
xpaB,BSU12800
xpaC,BSU00250
xpf,BSU12560
xpt,BSU22070
xre,BSU12510
xsa,BSU28510
xseA,BSU24300
xseB,BSU24290
xtmA,BSU12570
xtmB,BSU12580
xtrA,BSU12550
xylA,BSU17600
xylB,BSU17610
xylR,BSU17590
xynA,BSU18840
xynB,BSU17580
xynC,BSU18150
xynD,BSU18160
xynP,BSU17570
yaaA,BSU00030
yaaB,BSU00050
yaaC,BSU00080
yaaD,BSU00110
yaaE,BSU00120
yaaF,BSU00140
yaaG,BSU00150
yaaH,BSU00160
yaaI,BSU00170
yaaJ,BSU00180
yaaK,BSU00200
yaaL,BSU00220
yaaM,BSU00240
yaaN,BSU00260
yaaO,BSU00270
yaaP,BSU00280
yaaQ,BSU00290
yaaR,BSU00300
yaaS,BSU00310
yaaT,BSU00320
yabA,BSU00330
yabB,BSU00340
yabC,BSU00360
yabD,BSU00390
yabE,BSU00400
yabF,BSU00410
yabG,BSU00430
yabH,BSU00460
yabI,BSU00470
yabJ,BSU00480
yabK,BSU00540
yabL,BSU00560
yabM,BSU00570
yabN,BSU00580
yabO,BSU00590
yabP,BSU00600
yabQ,BSU00610
yabR,BSU00630
yabS,BSU00650
yabT,BSU00660
yacA,BSU00670
yacB,BSU00700
yacC,BSU00710
yacD,BSU00720
yacE,BSU00780
yacF,BSU00810
yacG,BSU00830
yacH,BSU00840
yacI,BSU00850
yacJ,BSU00870
yacK,BSU00880
yacL,BSU00890
yacM,BSU00900
yacN,BSU00910
yacO,BSU00960
yacP,BSU00970
yazA,BSU00350
yazB,BSU00800
yazC,BSU00950
ybaA,BSU01060
ybaB,BSU01090
ybaC,BSU01140
ybaD,BSU01450
ybaE,BSU01460
ybaF,BSU01470
ybaH,BSU01480
ybaJ,BSU01510
ybaK,BSU01520
ybaL,BSU01540
ybaM,BSU01560
ybaN,BSU01570
ybaR,BSU01580
ybaS,BSU01590
ybbA,BSU01600
ybbB,BSU01640
ybbC,BSU01650
ybbD,BSU01660
ybbE,BSU01670
ybbF,BSU01680
ybbH,BSU01690
ybbI,BSU01700
ybbJ,BSU01710
ybbK,BSU01720
ybbL,BSU01730
ybbM,BSU01740
ybbP,BSU01750
ybbQ,BSU01750
ybbR,BSU01760
ybbT,BSU01770
ybcC,BSU01845
ybcD,BSU01845
ybcF,BSU01860
ybcH,BSU01870
ybcI,BSU01880
ybcL,BSU01890
ybcM,BSU01900
ybcO,BSU01910
ybcP,BSU01920
ybcQ,BSU01920
ybcS,BSU01935
ybcT,BSU01935
ybdA,BSU01950
ybdB,BSU01960
ybdD,BSU01970
ybdE,BSU01980
ybdG,BSU01990
ybdJ,BSU02000
ybdK,BSU02010
ybdM,BSU02030
ybdN,BSU02040
ybdO,BSU02050
ybdP,BSU02060
ybdS,BSU02090
ybdT,BSU02100
ybdZ,BSU31959
ybeC,BSU02120
ybeD,BSU02130
ybeE,BSU02140
ybeF,BSU02150
ybfA,BSU02160
ybfB,BSU02170
ybfE,BSU02180
ybfF,BSU02190
ybfG,BSU02200
ybfH,BSU02210
ybfI,BSU02220
ybfJ,BSU02250
ybfK,BSU02260
ybfM,BSU02280
ybfN,BSU02300
ybfO,BSU02310
ybfP,BSU02320
ybfQ,BSU02330
ybfS,BSU02350
ybfT,BSU02360
ybgA,BSU02370
ybgB,BSU02380
ybgE,BSU02390
ybgF,BSU02400
ybgG,BSU02410
ybgH,BSU02420
ybgJ,BSU02430
ybxA,BSU01450
ybxB,BSU01060
ybxC,BSU01560
ybxD,BSU01780
ybxE,BSU01830
ybxF,BSU01090
ybxG,BSU01570
ybxH,BSU02080
ybxI,BSU01540
ybyB,BSU02110
ybzG,BSU01389
ybzH,BSU01889
ybzI,BSU02019
ycbA,BSU02440
ycbB,BSU02450
ycbC,BSU02460
ycbD,BSU02470
ycbE,BSU02480
ycbF,BSU02490
ycbG,BSU02500
ycbH,BSU02510
ycbJ,BSU02520
ycbK,BSU02540
ycbL,BSU02550
ycbM,BSU02560
ycbN,BSU02570
ycbO,BSU02580
ycbP,BSU02590
ycbQ,BSU02600
ycbR,BSU02610
ycbS,BSU02620
ycbT,BSU02640
ycbU,BSU02660
yccA,BSU02670
yccB,BSU02680
yccC,BSU02690
yccF,BSU02720
yccG,BSU02730
yccH,BSU02740
yccK,BSU02770
ycdA,BSU02780
ycdB,BSU02790
ycdC,BSU02800
ycdD,BSU02810
ycdE,BSU02820
ycdF,BSU02830
ycdG,BSU02840
ycdH,BSU02850
ycdI,BSU02860
yceA,BSU02870
yceB,BSU02880
yceC,BSU02890
yceD,BSU02900
yceE,BSU02910
yceF,BSU02920
yceG,BSU02930
yceH,BSU02940
yceI,BSU02950
yceJ,BSU02960
yceK,BSU02970
ycgA,BSU03020
ycgB,BSU03030
ycgC,BSU03060
ycgD,BSU03070
ycgE,BSU03080
ycgF,BSU03090
ycgG,BSU03100
ycgH,BSU03110
ycgI,BSU03120
ycgJ,BSU03160
ycgK,BSU03170
ycgL,BSU03190
ycgM,BSU03200
ycgN,BSU03210
ycgO,BSU03220
ycgP,BSU03230
ycgQ,BSU03240
ycgR,BSU03250
ycgS,BSU03260
ycgT,BSU03270
yciA,BSU03340
yciB,BSU03350
yciC,BSU03360
yckA,BSU03370
yckB,BSU03380
yckC,BSU03390
yckD,BSU03400
yckE,BSU03410
yckF,BSU03450
yckG,BSU03460
yckH,BSU03470
yckI,BSU03590
yckJ,BSU03600
yckK,BSU03610
yclA,BSU03620
yclB,BSU03630
yclC,BSU03640
yclD,BSU03652
yclE,BSU03660
yclF,BSU03670
yclG,BSU03680
yclH,BSU03730
yclI,BSU03740
yclJ,BSU03750
yclK,BSU03760
yclL,BSU03770
yclM,BSU03790
yclN,BSU03800
yclO,BSU03810
yclP,BSU03820
yclQ,BSU03830
ycnB,BSU03840
ycnC,BSU03850
ycnD,BSU03860
ycnE,BSU03870
ycnF,BSU03890
ycnG,BSU03900
ycnH,BSU03910
ycnI,BSU03940
ycnJ,BSU03950
ycnK,BSU03960
ycnL,BSU03970
ycsA,BSU04000
ycsB,BSU04010
ycsD,BSU04030
ycsE,BSU04040
ycsF,BSU04050
ycsG,BSU04060
ycsH,BSU04060
ycsI,BSU04070
ycsJ,BSU04080
ycsK,BSU04110
ycsM,BSU04140
ycsN,BSU04150
ycsO,BSU04100
ycxA,BSU03530
ycxB,BSU03540
ycxC,BSU03550
ycxD,BSU03560
ycxE,BSU03920
ycxR,BSU04670
ycxS,BSU04680
ycxT,BSU04690
yczA,BSU02530
yczB,BSU02630
yczC,BSU02710
yczE,BSU03580
yczF,BSU03690
yczG,BSU03880
yczH,BSU04020
yczI,BSU04120
yczJ,BSU04130
yczK,BSU02619
yczL,BSU03359
yczM,BSU03788
yczN,BSU03789
yczO,BSU04039
ydaA,BSU04160
ydaB,BSU04170
ydaC,BSU04180
ydaD,BSU04190
ydaE,BSU04200
ydaF,BSU04210
ydaG,BSU04220
ydaH,BSU04230
ydaI,BSU04250
ydaJ,BSU04270
ydaK,BSU04280
ydaL,BSU04290
ydaM,BSU04300
ydaN,BSU04310
ydaO,BSU04320
ydaP,BSU04340
ydaR,BSU04360
ydaS,BSU04370
ydaT,BSU04380
ydbA,BSU04390
ydbB,BSU04410
ydbC,BSU04420
ydbD,BSU04430
ydbE,BSU04440
ydbF,BSU04450
ydbG,BSU04460
ydbH,BSU04470
ydbI,BSU04480
ydbJ,BSU04490
ydbK,BSU04500
ydbL,BSU04510
ydbM,BSU04520
ydbN,BSU04530
ydbO,BSU04540
ydbP,BSU04550
ydbQ,BSU04570
ydbR,BSU04580
ydbS,BSU04590
ydbT,BSU04600
ydcA,BSU04610
ydcB,BSU04620
ydcC,BSU04630
ydcD,BSU04650
ydcE,BSU04660
ydcF,BSU04750
ydcG,BSU04760
ydcH,BSU04770
ydcI,BSU04780
ydcK,BSU04790
ydcL,BSU04800
ydcM,BSU04810
ydcN,BSU04820
ydcO,BSU04840
ydcP,BSU04850
ydcQ,BSU04860
ydcR,BSU04870
ydcS,BSU04880
ydcT,BSU04890
yddA,BSU04900
yddB,BSU04910
yddC,BSU04920
yddD,BSU04930
yddE,BSU04940
yddF,BSU04950
yddG,BSU04960
yddH,BSU04970
yddI,BSU04980
yddJ,BSU04990
yddK,BSU05000
yddL,BSU05010
yddM,BSU05030
yddN,BSU05040
yddO,BSU05050
yddP,BSU05060
yddQ,BSU05070
yddR,BSU05080
yddS,BSU05090
yddT,BSU05100
ydeA,BSU05110
ydeB,BSU05130
ydeC,BSU05150
ydeD,BSU05160
ydeE,BSU05170
ydeF,BSU05180
ydeG,BSU05190
ydeH,BSU05200
ydeI,BSU05210
ydeJ,BSU05220
ydeK,BSU05230
ydeL,BSU05240
ydeM,BSU05250
ydeN,BSU05260
ydeO,BSU05280
ydeP,BSU05290
ydeQ,BSU05300
ydeR,BSU05310
ydeS,BSU05320
ydeT,BSU05330
ydfA,BSU05340
ydfB,BSU05350
ydfC,BSU05360
ydfD,BSU05370
ydfE,BSU05380
ydfF,BSU05390
ydfG,BSU05400
ydfH,BSU05410
ydfI,BSU05420
ydfJ,BSU05430
ydfK,BSU05450
ydfL,BSU05460
ydfM,BSU05470
ydfN,BSU05480
ydfO,BSU05490
ydfP,BSU05500
ydfQ,BSU05510
ydfR,BSU05530
ydfS,BSU05540
ydfT,BSU05550
ydgA,BSU05560
ydgB,BSU05570
ydgC,BSU05580
ydgD,BSU05590
ydgE,BSU05600
ydgF,BSU05620
ydgG,BSU05640
ydgH,BSU05650
ydgI,BSU05660
ydgJ,BSU05670
ydgK,BSU05680
ydhB,BSU05690
ydhC,BSU05700
ydhD,BSU05710
ydhE,BSU05720
ydhF,BSU05730
ydhG,BSU05750
ydhH,BSU05760
ydhI,BSU05770
ydhJ,BSU05780
ydhK,BSU05790
ydhL,BSU05800
ydhM,BSU05810
ydhN,BSU05820
ydhO,BSU05830
ydhP,BSU05840
ydhQ,BSU05850
ydhR,BSU05860
ydhS,BSU05870
ydhT,BSU05880
ydiA,BSU05900
ydiB,BSU05910
ydiC,BSU05920
ydiD,BSU05930
ydiE,BSU05940
ydiF,BSU05950
ydiG,BSU05960
ydiH,BSU05970
ydiI,BSU05980
ydiJ,BSU05990
ydiK,BSU06000
ydiL,BSU06010
ydiM,BSU06040
ydiO,BSU06060
ydiP,BSU06070
ydiR,BSU06090
ydiS,BSU06100
ydjA,BSU06110
ydjB,BSU06120
ydjC,BSU06130
ydjD,BSU06160
ydjE,BSU06170
ydjF,BSU06180
ydjG,BSU06190
ydjH,BSU06200
ydjI,BSU06210
ydjJ,BSU06220
ydjK,BSU06230
ydjL,BSU06240
ydjM,BSU06250
ydjN,BSU06260
ydjO,BSU06270
ydjP,BSU06280
ydjQ,BSU06290
ydxA,BSU05900
ydxT,BSU06320
ydzA,BSU04240
ydzC,BSU04830
ydzE,BSU05140
ydzF,BSU05270
ydzH,BSU05520
ydzJ,BSU06269
ydzK,BSU04359
ydzL,BSU04839
ydzM,BSU05099
ydzN,BSU05109
ydzO,BSU05329
ydzP,BSU05408
ydzQ,BSU05409
ydzR,BSU05529
ydzU,BSU06048
ydzX,BSU06319
yeaA,BSU06290
yeaB,BSU06320
yeaC,BSU06330
yeaD,BSU06340
yebA,BSU06350
yebB,BSU06370
yebC,BSU06380
yebD,BSU06390
yebE,BSU06400
yebF,BSU06400
yebG,BSU06410
yecA,BSU06550
yedA,BSU06670
yedB,BSU06680
yeeA,BSU06760
yeeB,BSU06770
yeeC,BSU06780
yeeD,BSU06790
yeeF,BSU06812
yeeG,BSU06820
yeeH,BSU06830
yeeI,BSU06840
yeeK,BSU06850
yeeL,BSU06870
yeeM,BSU06880
yeeN,BSU06920
yefA,BSU06730
yefB,BSU06740
yefC,BSU06750
yerA,BSU06560
yerB,BSU06570
yerC,BSU06580
yerD,BSU06590
yerE,BSU06600
yerF,BSU06610
yerG,BSU06620
yerH,BSU06630
yerI,BSU06640
yerK,BSU06660
yerL,BSU06670
yerM,BSU06680
yerN,BSU06690
yerO,BSU06700
yerP,BSU06710
yerQ,BSU06720
yerS,BSU06730
yesE,BSU06870
yesF,BSU06880
yesJ,BSU06920
yesK,BSU06930
yesL,BSU06940
yesM,BSU06950
yesN,BSU06960
yesO,BSU06970
yesP,BSU06980
yesQ,BSU06990
yesR,BSU07000
yesS,BSU07010
yesT,BSU07020
yesU,BSU07030
yesV,BSU07040
yesW,BSU07050
yesX,BSU07060
yesY,BSU07070
yesZ,BSU07080
yetA,BSU07090
yetF,BSU07140
yetG,BSU07150
yetH,BSU07160
yetJ,BSU07200
yetK,BSU07210
yetL,BSU07220
yetM,BSU07230
yetN,BSU07240
yetO,BSU07250
yetP,BSU07260
yexA,BSU06460
yezA,BSU06800
yezC,BSU06540
yezD,BSU07190
yezE,BSU06860
yezF,BSU06559
yezG,BSU06811
yfhA,BSU08460
yfhB,BSU08470
yfhC,BSU08480
yfhD,BSU08490
yfhE,BSU08500
yfhF,BSU08510
yfhG,BSU08520
yfhH,BSU08530
yfhI,BSU08540
yfhJ,BSU08560
yfhK,BSU08570
yfhL,BSU08580
yfhM,BSU08590
yfhN,BSU08600
yfhO,BSU08610
yfhP,BSU08620
yfhQ,BSU08630
yfhR,BSU08650
yfhS,BSU08640
yfiA,BSU08190
yfiB,BSU08210
yfiC,BSU08220
yfiD,BSU08230
yfiE,BSU08240
yfiF,BSU08250
yfiG,BSU08260
yfiH,BSU08270
yfiI,BSU08280
yfiJ,BSU08290
yfiK,BSU08300
yfiL,BSU08310
yfiM,BSU08320
yfiN,BSU08330
yfiO,BSU08340
yfiP,BSU08350
yfiQ,BSU08360
yfiR,BSU08370
yfiS,BSU08380
yfiT,BSU08390
yfiU,BSU08400
yfiV,BSU08410
yfiW,BSU08425
yfiX,BSU08425
yfiY,BSU08440
yfiZ,BSU08450
yfjA,BSU08170
yfjB,BSU08160
yfjC,BSU08150
yfjD,BSU08140
yfjE,BSU08130
yfjF,BSU08120
yfjG,BSU08100
yfjH,BSU08090
yfjI,BSU08080
yfjJ,BSU08070
yfjK,BSU08060
yfjL,BSU08050
yfjM,BSU08040
yfjN,BSU08030
yfjO,BSU08020
yfjP,BSU08010
yfjQ,BSU08000
yfjR,BSU07990
yfjS,BSU07980
yfjT,BSU07970
yfjU,BSU08110
yfkA,BSU07955
yfkB,BSU07955
yfkC,BSU07940
yfkD,BSU07930
yfkE,BSU07920
yfkF,BSU07910
yfkH,BSU07900
yfkI,BSU07890
yfkJ,BSU07880
yfkK,BSU07870
yfkL,BSU07860
yfkM,BSU07850
yfkN,BSU07840
yfkO,BSU07830
yfkQ,BSU07790
yfkR,BSU07780
yfkS,BSU07770
yfkT,BSU07760
yflA,BSU07750
yflB,BSU07735
yflC,BSU07735
yflD,BSU07720
yflE,BSU07710
yflF,BSU07700
yflG,BSU07690
yflH,BSU07680
yflI,BSU07670
yflJ,BSU07660
yflK,BSU07650
yflL,BSU07640
yflM,BSU07630
yflN,BSU07620
yflO,BSU07610
yflP,BSU07600
yflQ,BSU07590
yflR,BSU07580
yflS,BSU07570
yflT,BSU07550
yfmA,BSU07540
yfmB,BSU07530
yfmC,BSU07520
yfmD,BSU07510
yfmE,BSU07500
yfmF,BSU07490
yfmG,BSU07480
yfmI,BSU07460
yfmJ,BSU07450
yfmK,BSU07440
yfmL,BSU07430
yfmM,BSU07420
yfmN,BSU07410
yfmO,BSU07400
yfmP,BSU07390
yfmQ,BSU07380
yfmR,BSU07370
yfmS,BSU07360
yfmT,BSU07350
yfnA,BSU07340
yfnB,BSU07330
yfnC,BSU07320
yfnD,BSU07310
yfnE,BSU07300
yfnF,BSU07290
yfnG,BSU07280
yfnH,BSU07270
yfnI,BSU07260
yfnJ,BSU07250
yfxA,BSU07820
yfxB,BSU06880
yfxC,BSU06920
yfxD,BSU06920
yfzA,BSU08029
ygaA,BSU08650
ygaB,BSU08670
ygaC,BSU08680
ygaD,BSU08690
ygaE,BSU08700
ygaF,BSU08720
ygaG,BSU08730
ygaI,BSU08760
ygaJ,BSU08780
ygaK,BSU08800
ygaL,BSU08830
ygaM,BSU08850
ygaN,BSU08870
ygaO,BSU08890
ygaP,BSU08910
ygaQ,BSU08920
ygaR,BSU08930
ygaS,BSU08940
ygaT,BSU08950
ygbA,BSU08840
ygcA,BSU08860
ygxA,BSU08750
ygxB,BSU09390
ygzA,BSU08770
ygzB,BSU08740
ygzC,BSU08779
ygzD,BSU08899
yhaA,BSU10070
yhaB,BSU10060
yhaC,BSU10050
yhaD,BSU10040
yhaE,BSU10030
yhaF,BSU10020
yhaG,BSU10010
yhaH,BSU10000
yhaI,BSU09980
yhaJ,BSU09965
yhaK,BSU09965
yhaL,BSU09940
yhaM,BSU09930
yhaN,BSU09920
yhaO,BSU09910
yhaP,BSU09900
yhaQ,BSU09890
yhaR,BSU09880
yhaS,BSU09870
yhaT,BSU09860
yhaU,BSU09850
yhaV,BSU09840
yhaW,BSU09840
yhaX,BSU09830
yhaZ,BSU09810
yhbA,BSU08910
yhbB,BSU08920
yhbD,BSU08940
yhbE,BSU08950
yhbF,BSU08960
yhbH,BSU08980
yhbI,BSU08990
yhbJ,BSU09000
yhbU,BSU09600
yhc,BSU09210
yhcA,BSU09010
yhcB,BSU09020
yhcC,BSU09030
yhcD,BSU09040
yhcE,BSU09050
yhcF,BSU09060
yhcG,BSU09070
yhcH,BSU09080
yhcI,BSU09090
yhcJ,BSU09110
yhcK,BSU09120
yhcL,BSU09130
yhcM,BSU09140
yhcN,BSU09150
yhcO,BSU09165
yhcP,BSU09165
yhcQ,BSU09180
yhcR,BSU09190
yhcS,BSU09200
yhcT,BSU09210
yhcU,BSU09220
yhcV,BSU09230
yhcW,BSU09240
yhcX,BSU09250
yhcY,BSU09320
yhcZ,BSU09330
yhdA,BSU09340
yhdB,BSU09350
yhdC,BSU09360
yhdD,BSU09370
yhdE,BSU09380
yhdF,BSU09450
yhdG,BSU09460
yhdH,BSU09470
yhdI,BSU09480
yhdJ,BSU09490
yhdK,BSU09500
yhdL,BSU09510
yhdM,BSU09520
yhdN,BSU09530
yhdO,BSU09540
yhdP,BSU09550
yhdQ,BSU09560
yhdR,BSU09570
yhdT,BSU09590
yhdV,BSU09610
yhdW,BSU09620
yhdX,BSU09630
yhdY,BSU09640
yhdZ,BSU09650
yheA,BSU09800
yheB,BSU09790
yheC,BSU09780
yheD,BSU09770
yheE,BSU09760
yheF,BSU09740
yheG,BSU09730
yheH,BSU09720
yheI,BSU09710
yheJ,BSU09700
yheK,BSU09690
yheL,BSU09680
yheM,BSU09670
yheN,BSU09660
yhfA,BSU10080
yhfB,BSU10170
yhfC,BSU10180
yhfE,BSU10200
yhfF,BSU10210
yhfG,BSU10220
yhfH,BSU10230
yhfI,BSU10240
yhfJ,BSU10250
yhfK,BSU10260
yhfL,BSU10270
yhfM,BSU10280
yhfN,BSU10290
yhfO,BSU10310
yhfP,BSU10320
yhfQ,BSU10330
yhfR,BSU10340
yhfS,BSU10350
yhfT,BSU10360
yhfU,BSU10370
yhfV,BSU10380
yhfW,BSU10390
yhgB,BSU10090
yhgC,BSU10100
yhgD,BSU10150
yhgE,BSU10160
yhjA,BSU10440
yhjB,BSU10450
yhjC,BSU10460
yhjD,BSU10470
yhjE,BSU10480
yhjF,BSU10490
yhjG,BSU10500
yhjH,BSU10510
yhjI,BSU10520
yhjJ,BSU10530
yhjK,BSU10540
yhjL,BSU10550
yhjM,BSU10560
yhjN,BSU10570
yhjO,BSU10580
yhjP,BSU10590
yhjQ,BSU10600
yhjR,BSU10610
yhxA,BSU09260
yhxB,BSU09310
yhxC,BSU10400
yhxD,BSU10430
yhzA,BSU08880
yhzB,BSU08900
yhzC,BSU10410
yhzD,BSU09889
yhzE,BSU09958
yhzE-1,BSU09958
yhzE-2,G8J2-7
yhzF,BSU10009
yidA,BSU11980
yidC2,BSU23890
yirB,BSU33029
yirY,BSU10650
yisB,BSU10660
yisC,BSU10670
yisD,BSU10680
yisE,BSU10690
yisF,BSU10700
yisG,BSU10710
yisH,BSU10720
yisI,BSU10730
yisJ,BSU10740
yisK,BSU10750
yisL,BSU10760
yisM,BSU10770
yisN,BSU10780
yisO,BSU10790
yisP,BSU10810
yisQ,BSU10820
yisR,BSU10830
yisS,BSU10850
yisT,BSU10860
yisU,BSU10870
yisV,BSU10880
yisW,BSU10880
yisX,BSU10890
yisY,BSU10900
yisZ,BSU10910
yitA,BSU10920
yitB,BSU11120
yitC,BSU10940
yitD,BSU10950
yitE,BSU10960
yitF,BSU10970
yitG,BSU10980
yitH,BSU10990
yitI,BSU11000
yitJ,BSU11010
yitK,BSU11020
yitL,BSU11030
yitM,BSU11040
yitN,BSU11055
yitO,BSU11055
yitP,BSU11070
yitQ,BSU11080
yitR,BSU11090
yitS,BSU11110
yitT,BSU11120
yitU,BSU11140
yitV,BSU11150
yitW,BSU11160
yitY,BSU11170
yitZ,BSU11180
yixA,BSU10640
yixB,BSU10090
yixC,BSU10100
yixD,BSU10150
yixE,BSU10160
yizA,BSU10800
yizB,BSU11079
yizC,BSU11139
yizD,BSU11549
yjaU,BSU11280
yjaV,BSU11290
yjaW,BSU11300
yjaX,BSU11330
yjaY,BSU11340
yjaZ,BSU11350
yjbA,BSU11410
yjbB,BSU11480
yjbC,BSU11490
yjbD,BSU11500
yjbE,BSU11510
yjbF,BSU11530
yjbG,BSU11540
yjbH,BSU11550
yjbI,BSU11560
yjbJ,BSU11570
yjbK,BSU11580
yjbL,BSU11590
yjbM,BSU11600
yjbN,BSU11610
yjbO,BSU11620
yjbP,BSU11630
yjbQ,BSU11640
yjbR,BSU11670
yjbS,BSU11680
yjbT,BSU11690
yjbU,BSU11700
yjbV,BSU11710
yjbW,BSU11720
yjbX,BSU11730
yjcA,BSU11790
yjcC,BSU11810
yjcD,BSU11820
yjcF,BSU11840
yjcG,BSU11850
yjcH,BSU11860
yjcI,BSU11870
yjcJ,BSU11880
yjcK,BSU11890
yjcL,BSU11900
yjcM,BSU11910
yjcN,BSU11920
yjcO,BSU11930
yjcP,BSU11940
yjcQ,BSU11950
yjcR,BSU11960
yjcS,BSU11970
yjcZ,BSU11809
yjdA,BSU11980
yjdB,BSU11990
yjdC,BSU12000
yjdD,BSU12010
yjdE,BSU12020
yjdF,BSU12030
yjdG,BSU12040
yjdH,BSU12050
yjdI,BSU12060
yjdJ,BSU12070
yjdK,BSU12080
yjeA,BSU12100
yjfA,BSU12110
yjfB,BSU12120
yjfC,BSU12130
yjgA,BSU12140
yjgB,BSU12150
yjgC,BSU12160
yjgD,BSU12170
yjhA,BSU12180
yjhB,BSU12190
yjiA,BSU12200
yjiB,BSU12210
yjiC,BSU12220
yjjA,BSU12230
yjkA,BSU12240
yjkB,BSU12250
yjlA,BSU12260
yjlB,BSU12270
yjlC,BSU12280
yjlD,BSU12290
yjmA,BSU12300
yjmB,BSU12310
yjmC,BSU12320
yjmD,BSU12330
yjmE,BSU12340
yjmF,BSU12350
yjmG,BSU12360
yjmH,BSU12370
yjmI,BSU12380
yjmJ,BSU12390
yjnA,BSU12400
yjoA,BSU12410
yjoB,BSU12420
yjpA,BSU12450
yjpB,BSU12460
yjqA,BSU12470
yjqB,BSU12480
yjqC,BSU12490
yjzA,BSU11310
yjzB,BSU11320
yjzC,BSU11260
yjzD,BSU11270
yjzE,BSU11839
yjzF,BSU11928
yjzG,BSU11929
yjzH,BSU12069
yjzI,BSU12229
yjzJ,BSU12519
yjzK,BSU11799
ykaA,BSU12850
ykaB,BSU12840
ykaC,BSU12830
ykbA,BSU12860
ykcA,BSU12870
ykcB,BSU12880
ykcC,BSU12890
ykdA,BSU12900
ykeA,BSU12910
ykfA,BSU12970
ykfB,BSU12980
ykfC,BSU12990
ykfD,BSU13000
ykgA,BSU13020
ykgB,BSU13010
ykhA,BSU13030
ykiA,BSU13040
ykjA,BSU13060
ykkA,BSU13070
ykkB,BSU13080
ykkC,BSU13090
ykkD,BSU13100
ykkE,BSU13110
yklA,BSU13140
ykmA,BSU13150
yknA,BSU13170
yknT,BSU14250
yknU,BSU14320
yknV,BSU14330
yknW,BSU14340
yknX,BSU14350
yknY,BSU14360
yknZ,BSU14370
ykoA,BSU14420
ykoB,BSU13200
ykoC,BSU13210
ykoD,BSU13220
ykoE,BSU13230
ykoF,BSU13240
ykoG,BSU13250
ykoH,BSU13260
ykoI,BSU13270
ykoJ,BSU13280
ykoK,BSU13300
ykoL,BSU13330
ykoM,BSU13340
ykoN,BSU13350
ykoP,BSU13360
ykoQ,BSU13370
ykoR,BSU13380
ykoS,BSU13380
ykoT,BSU13390
ykoU,BSU13400
ykoV,BSU13410
ykoW,BSU13420
ykoX,BSU13430
ykoY,BSU13440
ykoZ,BSU13450
ykpA,BSU14430
ykpB,BSU14440
ykpC,BSU14460
ykqA,BSU14500
ykqB,BSU14510
ykqC,BSU14530
ykqM,BSU23510
ykrA,BSU14550
ykrB,BSU14560
ykrC,BSU14570
ykrI,BSU13460
ykrK,BSU13480
ykrL,BSU13490
ykrM,BSU13500
ykrP,BSU13520
ykrQ,BSU13530
ykrS,BSU13550
ykrT,BSU13560
ykrU,BSU13570
ykrV,BSU13580
ykrW,BSU13590
ykrX,BSU13600
ykrY,BSU13610
ykrZ,BSU13620
yktA,BSU14640
yktB,BSU14650
yktC,BSU14670
yktD,BSU14690
ykuA,BSU13980
ykuC,BSU14030
ykuD,BSU14040
ykuE,BSU14050
ykuF,BSU14060
ykuG,BSU14071
ykuH,BSU14080
ykuI,BSU14090
ykuJ,BSU14100
ykuK,BSU14110
ykuL,BSU14130
ykuM,BSU14140
ykuN,BSU14150
ykuO,BSU14160
ykuP,BSU14170
ykuQ,BSU14180
ykuR,BSU14190
ykuS,BSU14200
ykuT,BSU14210
ykuU,BSU14220
ykuV,BSU14230
ykuW,BSU14240
ykvA,BSU13630
ykvC,BSU13650
ykvD,BSU13660
ykvE,BSU13670
ykvH,BSU13700
ykvI,BSU13710
ykvJ,BSU13720
ykvK,BSU13730
ykvL,BSU13740
ykvM,BSU13750
ykvN,BSU13760
ykvO,BSU13770
ykvP,BSU13780
ykvQ,BSU13790
ykvR,BSU13800
ykvS,BSU13810
ykvT,BSU13820
ykvU,BSU13830
ykvV,BSU13840
ykvW,BSU13850
ykvY,BSU13860
ykvZ,BSU13870
ykwA,BSU13880
ykwB,BSU13940
ykwC,BSU13960
ykwD,BSU13970
ykxA,BSU12500
ykxB,BSU12520
ykxC,BSU12530
ykxD,BSU12540
ykxE,BSU12560
ykxF,BSU12570
ykxG,BSU12580
ykxI,BSU13920
ykyA,BSU14570
ykyB,BSU14020
ykzA,BSU13160
ykzB,BSU13320
ykzC,BSU14680
ykzD,BSU13290
ykzE,BSU13510
ykzF,BSU14120
ykzG,BSU14540
ykzH,BSU13050
ykzI,BSU14660
ykzK,BSU12539
ykzL,BSU12619
ykzM,BSU12649
ykzN,BSU13169
ykzP,BSU13509
ykzQ,BSU13789
ykzR,BSU13799
ykzS,BSU13819
ykzT,BSU14009
ykzU,BSU14072
ykzV,BSU14569
ykzW,BSU14629
ylaA,BSU14710
ylaB,BSU14720
ylaC,BSU14730
ylaD,BSU14740
ylaE,BSU14750
ylaF,BSU14760
ylaG,BSU14770
ylaH,BSU14780
ylaI,BSU14790
ylaJ,BSU14800
ylaK,BSU14810
ylaL,BSU14820
ylaM,BSU14830
ylaN,BSU14840
ylaO,BSU14850
ylaP,BSU14860
ylbA,BSU14940
ylbB,BSU14950
ylbC,BSU14960
ylbD,BSU14970
ylbE,BSU14980
ylbF,BSU14990
ylbG,BSU15000
ylbH,BSU15010
ylbI,BSU15020
ylbJ,BSU15030
ylbK,BSU15040
ylbL,BSU15050
ylbM,BSU15060
ylbN,BSU15070
ylbO,BSU15090
ylbP,BSU15100
ylbQ,BSU15110
yllA,BSU15120
yllB,BSU15130
yllC,BSU15140
yllD,BSU15150
ylmA,BSU15340
ylmB,BSU15350
ylmC,BSU15360
ylmD,BSU15370
ylmE,BSU15380
ylmF,BSU15390
ylmG,BSU15400
ylmH,BSU15410
ylmJ,BSU15420
ylmK,BSU15440
ylmL,BSU15460
ylnA,BSU15580
ylnB,BSU15590
ylnC,BSU15600
ylnD,BSU15610
ylnE,BSU15620
ylnF,BSU15630
yloA,BSU15640
yloB,BSU15650
yloC,BSU15660
yloD,BSU15680
yloH,BSU15690
yloI,BSU15700
yloJ,BSU15710
yloK,BSU15720
yloL,BSU15730
yloM,BSU15740
yloN,BSU15750
yloO,BSU15760
yloP,BSU15770
yloQ,BSU15780
yloR,BSU15790
yloS,BSU15800
yloT,BSU15820
yloU,BSU15830
yloV,BSU15840
yloW,BSU15850
ylpA,BSU15860
ylpB,BSU15870
ylpC,BSU15880
ylpD,BSU15890
ylpE,BSU15900
ylpF,BSU15910
ylqA,BSU15940
ylqB,BSU15960
ylqC,BSU16000
ylqD,BSU16010
ylqE,BSU16020
ylqF,BSU16050
ylqG,BSU16070
ylqH,BSU16080
yluA,BSU16530
yluB,BSU16550
yluC,BSU16560
ylxA,BSU15140
ylxB,BSU15150
ylxC,BSU15230
ylxD,BSU15530
ylxF,BSU16260
ylxG,BSU16280
ylxH,BSU16410
ylxI,BSU16790
ylxJ,BSU16450
ylxK,BSU16460
ylxL,BSU16480
ylxM,BSU15970
ylxN,BSU16660
ylxO,BSU16650
ylxP,BSU16640
ylxQ,BSU16620
ylxR,BSU16610
ylxS,BSU16590
ylxT,BSU14480
ylxU,BSU14500
ylxV,BSU14510
ylxW,BSU15250
ylxX,BSU15260
ylxY,BSU16700
ylyA,BSU15440
ylyB,BSU15460
ylyC,BSU16130
ylzA,BSU15670
ylzH,BSU15069
ylzI,BSU16299
ylzJ,BSU16799
ymaA,BSU17370
ymaB,BSU17400
ymaC,BSU17270
ymaD,BSU17280
ymaE,BSU17250
ymaF,BSU17320
ymaG,BSU17310
ymaH,BSU17340
ymcA,BSU17020
ymcB,BSU17010
ymcC,BSU17070
ymdA,BSU16960
ymdB,BSU16970
ymfA,BSU16780
ymfB,BSU16790
ymfC,BSU16810
ymfD,BSU16825
ymfE,BSU16825
ymfF,BSU16845
ymfG,BSU16845
ymfH,BSU16860
ymfI,BSU16870
ymfJ,BSU16880
ymfM,BSU16910
ymfN,BSU16920
ymfO,BSU16930
ymxA,BSU16590
ymxB,BSU16610
ymxC,BSU16620
ymxD,BSU16640
ymxE,BSU16650
ymxF,BSU16660
ymxG,BSU16710
ymxH,BSU16720
ymxI,BSU16700
ymzA,BSU17360
ymzB,BSU17240
ymzC,BSU17350
ymzD,BSU17060
ynaA,BSU17470
ynaB,BSU17500
ynaC,BSU17510
ynaD,BSU17520
ynaE,BSU17530
ynaF,BSU17540
ynaG,BSU17550
ynaI,BSU17560
ynaJ,BSU17570
ynaK,BSU17580
ynbA,BSU17430
ynbB,BSU17440
yncA,BSU17610
yncB,BSU17620
yncC,BSU17630
yncD,BSU17640
yncE,BSU17650
yncF,BSU17660
yncM,BSU17690
yndA,BSU17720
yndB,BSU17730
yndD,BSU17750
yndE,BSU17760
yndF,BSU17770
yndG,BSU17780
yndH,BSU17790
yndJ,BSU17800
yndK,BSU17810
yndL,BSU17820
yndM,BSU17830
yndN,BSU17840
yneA,BSU17860
yneB,BSU17870
yneE,BSU17900
yneF,BSU17910
yneI,BSU17940
yneJ,BSU17950
yneK,BSU17960
yneL,BSU17970
yneN,BSU18010
yneP,BSU18040
yneQ,BSU18050
yneR,BSU18060
yneS,BSU18070
yneT,BSU18080
ynfC,BSU18110
ynfE,BSU18140
ynfF,BSU18150
yngA,BSU18170
yngB,BSU18180
yngC,BSU18190
yngD,BSU18200
yngE,BSU18210
yngF,BSU18220
yngG,BSU18230
yngH,BSU18240
yngHA,BSU18240
yngHB,BSU18239
yngI,BSU18250
yngJ,BSU18260
yngK,BSU18280
yngL,BSU18290
ynxB,BSU17470
ynzA,BSU17710
ynzB,BSU17740
ynzC,BSU17880
ynzD,BSU17920
ynzE,BSU18270
ynzF,BSU17480
ynzG,BSU17490
ynzH,BSU17670
ynzI,BSU17559
ynzK,BSU17699
ynzL,BSU18019
yoaA,BSU18530
yoaB,BSU18540
yoaC,BSU18550
yoaD,BSU18560
yoaE,BSU18570
yoaF,BSU18580
yoaG,BSU18590
yoaH,BSU18610
yoaI,BSU18620
yoaJ,BSU18630
yoaK,BSU18640
yoaM,BSU18660
yoaN,BSU18670
yoaO,BSU18680
yoaP,BSU18690
yoaQ,BSU18700
yoaR,BSU18720
yoaS,BSU18730
yoaT,BSU18750
yoaU,BSU18760
yoaV,BSU18770
yoaW,BSU18780
yoaZ,BSU18790
yobA,BSU18810
yobB,BSU18820
yobD,BSU18850
yobE,BSU18880
yobF,BSU18890
yobG,BSU18910
yobH,BSU18930
yobI,BSU18970
yobJ,BSU18980
yobK,BSU18990
yobL,BSU19000
yobM,BSU19010
yobN,BSU19020
yobO,BSU19030
yobQ,BSU19050
yobR,BSU19060
yobS,BSU19070
yobT,BSU19080
yobU,BSU19090
yobV,BSU19100
yobW,BSU19110
yocA,BSU19130
yocB,BSU19150
yocC,BSU19160
yocD,BSU19170
yocE,BSU19180
yocF,BSU19190
yocG,BSU19200
yocH,BSU19210
yocI,BSU19220
yocJ,BSU19230
yocK,BSU19240
yocL,BSU19250
yocM,BSU19260
yocN,BSU19280
yocR,BSU19340
yocS,BSU19350
yodA,BSU19530
yodB,BSU19540
yodC,BSU19550
yodD,BSU19560
yodE,BSU19570
yodF,BSU19580
yodH,BSU19600
yodI,BSU19610
yodJ,BSU19620
yodL,BSU19640
yodM,BSU19650
yodN,BSU19670
yodO,BSU19690
yodP,BSU19700
yodQ,BSU19710
yodR,BSU19720
yodS,BSU19730
yodT,BSU19740
yodV,BSU19800
yodW,BSU19870
yodZ,BSU19940
yoeA,BSU18370
yoeB,BSU18380
yoeC,BSU18390
yoeD,BSU18400
yofA,BSU18420
yogA,BSU18430
yohA,BSU18470
yojA,BSU19520
yojB,BSU19510
yojE,BSU19480
yojF,BSU19470
yojG,BSU19460
yojH,BSU19450
yojI,BSU19440
yojJ,BSU19430
yojK,BSU19420
yojL,BSU19410
yojM,BSU19400
yojN,BSU19390
yojO,BSU19380
yojW,BSU19999
yokA,BSU21660
yokB,BSU21650
yokC,BSU21640
yokD,BSU21630
yokE,BSU21620
yokF,BSU21610
yokG,BSU21600
yokH,BSU21590
yokI,BSU21580
yokJ,BSU21570
yokK,BSU21560
yokL,BSU21550
yokU,BSU19689
yolA,BSU21540
yolB,BSU21530
yolC,BSU21520
yolD,BSU21510
yolE,BSU21500
yolF,BSU21490
yolG,BSU21480
yolH,BSU21470
yolI,BSU21460
yolJ,BSU21450
yolK,BSU21440
yomA,BSU21430
yomB,BSU21420
yomC,BSU21410
yomD,BSU21400
yomE,BSU21390
yomF,BSU21380
yomG,BSU21370
yomH,BSU21360
yomI,BSU21350
yomJ,BSU21340
yomK,BSU21330
yomL,BSU21320
yomM,BSU21300
yomN,BSU21290
yomO,BSU21280
yomP,BSU21270
yomQ,BSU21260
yomR,BSU21250
yomS,BSU21240
yomT,BSU21230
yomU,BSU21220
yomV,BSU21210
yomW,BSU21200
yomX,BSU21190
yomY,BSU21180
yomZ,BSU21170
yonA,BSU21160
yonB,BSU21150
yonC,BSU21140
yonD,BSU21130
yonE,BSU21120
yonF,BSU21110
yonG,BSU21100
yonH,BSU21090
yonI,BSU21080
yonJ,BSU21070
yonK,BSU21060
yonN,BSU21050
yonO,BSU21040
yonP,BSU21030
yonR,BSU21020
yonS,BSU21010
yonT,BSU21000
yonU,BSU20990
yonV,BSU20980
yonX,BSU20970
yopA,BSU20960
yopB,BSU20950
yopC,BSU20940
yopD,BSU20930
yopE,BSU20920
yopF,BSU20910
yopG,BSU20900
yopH,BSU20890
yopI,BSU20880
yopJ,BSU20870
yopK,BSU20860
yopL,BSU20850
yopM,BSU20840
yopN,BSU20830
yopO,BSU20820
yopP,BSU20810
yopQ,BSU20800
yopR,BSU20790
yopS,BSU20780
yopT,BSU20770
yopU,BSU20760
yopV,BSU20750
yopW,BSU20740
yopX,BSU20730
yopY,BSU20720
yopZ,BSU20710
yoqA,BSU20700
yoqB,BSU20690
yoqC,BSU20680
yoqD,BSU20670
yoqE,BSU20660
yoqF,BSU20650
yoqG,BSU20640
yoqH,BSU20630
yoqI,BSU20620
yoqJ,BSU20610
yoqK,BSU20600
yoqL,BSU20590
yoqM,BSU20580
yoqN,BSU20570
yoqO,BSU20560
yoqP,BSU20550
yoqR,BSU20540
yoqS,BSU20530
yoqT,BSU20520
yoqU,BSU20510
yoqV,BSU20500
yoqW,BSU20490
yoqX,BSU20480
yoqY,BSU20470
yoqZ,BSU20460
yorA,BSU20450
yorB,BSU20440
yorC,BSU20430
yorD,BSU20420
yorE,BSU20410
yorF,BSU20400
yorG,BSU20390
yorH,BSU20380
yorI,BSU20370
yorJ,BSU20360
yorK,BSU20350
yorL,BSU20340
yorM,BSU20330
yorN,BSU20320
yorO,BSU20310
yorP,BSU20300
yorQ,BSU20290
yorR,BSU20280
yorS,BSU20270
yorT,BSU20260
yorV,BSU20240
yorW,BSU20230
yorX,BSU20220
yorY,BSU20210
yorZ,BSU20200
yosA,BSU20190
yosB,BSU20180
yosC,BSU20170
yosD,BSU20160
yosE,BSU20150
yosF,BSU20140
yosG,BSU20130
yosH,BSU20120
yosI,BSU20110
yosJ,BSU20100
yosK,BSU20090
yosL,BSU20080
yosM,BSU20070
yosP,BSU20040
yosQ,BSU20050
yosR,BSU20030
yosS,BSU20020
yosT,BSU20010
yosU,BSU20000
yosV,BSU19990
yosW,BSU19980
yosX,BSU19970
yotA,BSU18280
yotB,BSU19940
yotC,BSU19930
yotD,BSU19920
yotE,BSU19910
yotF,BSU19900
yotG,BSU19890
yotH,BSU19880
yotI,BSU19870
yotJ,BSU19860
yotK,BSU19850
yotL,BSU19840
yotM,BSU19830
yotN,BSU19820
youA,BSU21229
youB,BSU21329
yoxA,BSU18360
yoxB,BSU18520
yoxC,BSU18510
yoxD,BSU18500
yoxE,BSU18480
yoxF,BSU17900
yoxG,BSU17910
yoxH,BSU17940
yoxI,BSU17950
yoxJ,BSU17960
yoyB,BSU19259
yoyC,BSU19479
yoyD,BSU19579
yoyE,BSU19639
yoyF,BSU19669
yoyG,BSU19749
yoyH,BSU20928
yoyI,BSU20929
yoyJ,BSU20999
yozA,BSU19120
yozB,BSU19140
yozC,BSU19300
yozD,BSU19660
yozE,BSU19680
yozF,BSU18710
yozG,BSU18740
yozH,BSU18860
yozI,BSU18870
yozJ,BSU18900
yozK,BSU18940
yozL,BSU18950
yozM,BSU18960
yozN,BSU19270
yozO,BSU19290
yozP,BSU21310
yozQ,BSU18600
yozR,BSU19490
yozS,BSU18669
yozT,BSU18709
yozV,BSU18849
yozW,BSU18898
yozX,BSU18899
yozY,BSU18908
ypaA,BSU23050
ypaQ,BSU22060
ypbA,BSU23040
ypbB,BSU23030
ypbC,BSU23020
ypbD,BSU23010
ypbE,BSU23000
ypbF,BSU22990
ypbG,BSU22980
ypbH,BSU22970
ypbQ,BSU22040
ypbR,BSU22030
ypbS,BSU22020
ypcA,BSU22960
ypcP,BSU22010
ypdA,BSU22950
ypdC,BSU22940
ypdP,BSU21980
ypdQ,BSU21990
ypeA,BSU22930
ypeB,BSU22920
ypeP,BSU21970
ypeQ,BSU21960
ypfA,BSU22910
ypfB,BSU22900
ypfC,BSU22890
ypfD,BSU22880
ypfP,BSU21920
ypgA,BSU22870
ypgQ,BSU21890
ypgR,BSU21880
yphA,BSU22860
yphB,BSU22850
yphC,BSU22840
yphE,BSU22820
yphF,BSU22810
yphP,BSU21860
ypiA,BSU22590
ypiB,BSU22580
ypiF,BSU22570
ypiP,BSU21850
ypjA,BSU22530
ypjB,BSU22520
ypjC,BSU22510
ypjD,BSU22500
ypjF,BSU22480
ypjG,BSU22470
ypjH,BSU22460
ypjI,BSU22450
ypjP,BSU21840
ypjQ,BSU21830
ypkP,BSU21800
yplP,BSU21780
yplQ,BSU21790
ypmA,BSU22390
ypmB,BSU22380
ypmP,BSU21760
ypmQ,BSU21750
ypmR,BSU21740
ypmS,BSU21730
ypmT,BSU21720
ypnP,BSU21710
ypoB,BSU22340
ypoC,BSU22330
ypoP,BSU21700
yppB,BSU22310
yppC,BSU22300
yppD,BSU22280
yppE,BSU22270
yppF,BSU22260
yppG,BSU22250
yppP,BSU21690
yppQ,BSU21680
ypqA,BSU22240
ypqE,BSU22230
yprA,BSU22220
yprB,BSU22210
ypsA,BSU22190
ypsB,BSU22180
ypsC,BSU22170
yptA,BSU22160
ypuA,BSU23370
ypuB,BSU23340
ypuD,BSU23300
ypuF,BSU23230
ypuG,BSU23220
ypuH,BSU23210
ypuI,BSU23200
ypuJ,BSU23180
ypuK,BSU23170
ypuL,BSU23160
ypuM,BSU23100
ypuN,BSU23090
ypvA,BSU22150
ypwA,BSU22080
ypxA,BSU23150
ypxB,BSU23140
ypxC,BSU23130
ypxD,BSU23120
ypxE,BSU23110
ypzA,BSU21950
ypzC,BSU23320
ypzD,BSU23350
ypzE,BSU23060
ypzF,BSU22019
ypzG,BSU22169
ypzH,BSU22849
ypzI,BSU22869
ypzJ,BSU23328
ypzK,BSU23240
yqaB,BSU26380
yqaC,BSU26370
yqaD,BSU26360
yqaE,BSU26350
yqaF,BSU26340
yqaG,BSU26320
yqaH,BSU26310
yqaI,BSU26300
yqaJ,BSU26290
yqaK,BSU26280
yqaL,BSU26270
yqaM,BSU26260
yqaN,BSU26250
yqaO,BSU26240
yqaP,BSU26230
yqaQ,BSU26220
yqaR,BSU26210
yqaS,BSU26200
yqaT,BSU26190
yqbA,BSU26180
yqbB,BSU26170
yqbC,BSU26160
yqbD,BSU26150
yqbE,BSU26140
yqbF,BSU26130
yqbG,BSU26120
yqbH,BSU26110
yqbI,BSU26100
yqbJ,BSU26090
yqbK,BSU26075
yqbL,BSU26075
yqbM,BSU26060
yqbO,BSU26030
yqbP,BSU26020
yqbQ,BSU26010
yqbR,BSU26000
yqbS,BSU25990
yqbT,BSU25980
yqcA,BSU25970
yqcB,BSU25960
yqcC,BSU25950
yqcD,BSU25940
yqcE,BSU25930
yqcF,BSU25870
yqcG,BSU25860
yqcH,BSU25830
yqcI,BSU25820
yqcJ,BSU25810
yqcK,BSU25800
yqcL,BSU25790
yqcM,BSU25780
yqcR,BSU26050
yqcS,BSU26330
yqdA,BSU26330
yqdB,BSU26050
yqdC,BSU25920
yqdD,BSU25910
yqdE,BSU25890
yqdF,BSU25880
yqeB,BSU25740
yqeC,BSU25730
yqeD,BSU25720
yqeE,BSU25710
yqeF,BSU25700
yqeG,BSU25680
yqeH,BSU25670
yqeI,BSU25650
yqeJ,BSU25640
yqeK,BSU25630
yqeL,BSU25620
yqeM,BSU25610
yqeN,BSU25560
yqeO,BSU25550
yqeP,BSU25520
yqeQ,BSU25510
yqeR,BSU25500
yqeS,BSU25490
yqeT,BSU25450
yqeU,BSU25440
yqeV,BSU25430
yqeW,BSU25420
yqeX,BSU25410
yqeY,BSU25400
yqeZ,BSU25390
yqfA,BSU25380
yqfB,BSU25370
yqfC,BSU25360
yqfD,BSU25350
yqfE,BSU25340
yqfF,BSU25330
yqfG,BSU25320
yqfH,BSU25290
yqfI,BSU25280
yqfJ,BSU25270
yqfK,BSU25260
yqfL,BSU25240
yqfM,BSU25230
yqfN,BSU25180
yqfO,BSU25170
yqfP,BSU25160
yqfQ,BSU25150
yqfR,BSU25140
yqfS,BSU25130
yqfT,BSU25120
yqfU,BSU25110
yqfV,BSU25100
yqfW,BSU25090
yqfX,BSU25080
yqfY,BSU25070
yqfZ,BSU25060
yqgA,BSU25050
yqgB,BSU25040
yqgC,BSU25030
yqgD,BSU25020
yqgE,BSU24440
yqgF,BSU24450
yqgG,BSU24990
yqgH,BSU24980
yqgI,BSU24970
yqgJ,BSU24960
yqgK,BSU24950
yqgL,BSU24920
yqgM,BSU24910
yqgN,BSU24890
yqgO,BSU24880
yqgP,BSU24870
yqgQ,BSU24860
yqgR,BSU24850
yqgS,BSU24840
yqgT,BSU24830
yqgU,BSU24820
yqgV,BSU24810
yqgW,BSU24800
yqgX,BSU24790
yqgY,BSU24780
yqgZ,BSU24770
yqhA,BSU24760
yqhB,BSU24750
yqhC,BSU24740
yqhD,BSU24640
yqhE,BSU24630
yqhF,BSU24620
yqhG,BSU24590
yqhH,BSU24580
yqhI,BSU24570
yqhJ,BSU24560
yqhK,BSU24550
yqhL,BSU24540
yqhM,BSU24530
yqhN,BSU24520
yqhO,BSU24510
yqhP,BSU24500
yqhQ,BSU24490
yqhR,BSU24480
yqhS,BSU24470
yqhT,BSU24460
yqhU,BSU24450
yqhV,BSU24440
yqhW,BSU24350
yqhX,BSU24340
yqhY,BSU24330
yqhZ,BSU24320
yqiA,BSU24310
yqiB,BSU24300
yqiC,BSU24290
yqiD,BSU24280
yqiE,BSU24270
yqiF,BSU24260
yqiG,BSU24210
yqiH,BSU24200
yqiI,BSU24190
yqiK,BSU24180
yqiL,BSU24170
yqiM,BSU24160
yqiN,BSU24150
yqiO,BSU24140
yqiP,BSU24130
yqiQ,BSU24120
yqiR,BSU24100
yqiS,BSU24090
yqiT,BSU24080
yqiU,BSU24070
yqiV,BSU24060
yqiW,BSU23990
yqiX,BSU23980
yqiY,BSU23970
yqiZ,BSU23960
yqjA,BSU23950
yqjB,BSU23940
yqjC,BSU23930
yqjD,BSU23920
yqjE,BSU23910
yqjF,BSU23900
yqjG,BSU23890
yqjH,BSU23870
yqjI,BSU23860
yqjJ,BSU23850
yqjK,BSU23840
yqjL,BSU23830
yqjM,BSU23820
yqjN,BSU23810
yqjO,BSU23800
yqjP,BSU23790
yqjQ,BSU23780
yqjR,BSU23770
yqjS,BSU23760
yqjT,BSU23750
yqjU,BSU23740
yqjV,BSU23730
yqjW,BSU23710
yqjX,BSU23700
yqjY,BSU23690
yqjZ,BSU23680
yqkA,BSU23670
yqkB,BSU23660
yqkC,BSU23650
yqkD,BSU23640
yqkE,BSU23630
yqkF,BSU23620
yqkG,BSU23610
yqkH,BSU23600
yqkI,BSU23560
yqkJ,BSU23550
yqkK,BSU23540
yqkL,BSU23520
yqkN,BSU23500
yqkO,BSU23490
yqxA,BSU25520
yqxB,BSU25510
yqxC,BSU24260
yqxD,BSU25230
yqxE,BSU25490
yqxF,BSU25310
yqxG,BSU25920
yqxH,BSU25910
yqxI,BSU25890
yqxJ,BSU25880
yqxK,BSU23600
yqxL,BSU24740
yqxM,BSU24640
yqxN,BSU25280
yqzB,BSU25250
yqzC,BSU24940
yqzD,BSU24930
yqzE,BSU24660
yqzF,BSU24110
yqzG,BSU24650
yqzH,BSU23720
yqzI,BSU25850
yqzJ,BSU23880
yqzK,BSU23519
yqzL,BSU25289
yqzM,BSU25569
yqzN,BSU26089
yqzO,BSU26259
yraA,BSU27020
yraB,BSU27000
yraC,BSU27009
yraD,BSU26990
yraE,BSU26980
yraF,BSU26960
yraG,BSU26950
yraH,BSU26940
yraI,BSU26930
yraJ,BSU26920
yraK,BSU26910
yraL,BSU26900
yraM,BSU26880
yraN,BSU26870
yraO,BSU26860
yrbA,BSU27840
yrbB,BSU27830
yrbC,BSU27820
yrbD,BSU27810
yrbE,BSU27770
yrbF,BSU27700
yrbG,BSU27680
yrdA,BSU26780
yrdB,BSU26770
yrdC,BSU26760
yrdE,BSU26740
yrdF,BSU26730
yrdG,BSU26720
yrdH,BSU26710
yrdI,BSU26700
yrdJ,BSU26690
yrdK,BSU26680
yrdL,BSU26670
yrdN,BSU26660
yrdO,BSU26650
yrdP,BSU26640
yrdQ,BSU26630
yrdR,BSU26620
yrhA,BSU27260
yrhB,BSU27250
yrhC,BSU27240
yrhD,BSU27230
yrhE,BSU27220
yrhF,BSU27210
yrhG,BSU27200
yrhH,BSU27180
yrhI,BSU27170
yrhJ,BSU27160
yrhK,BSU27150
yrhL,BSU27140
yrhM,BSU27130
yrhO,BSU27110
yrhP,BSU27100
yrkA,BSU26610
yrkB,BSU26570
yrkC,BSU26560
yrkD,BSU26550
yrkE,BSU26540
yrkF,BSU26530
yrkH,BSU26510
yrkI,BSU26500
yrkJ,BSU26490
yrkK,BSU26480
yrkL,BSU26470
yrkN,BSU26450
yrkO,BSU26440
yrkP,BSU26430
yrkQ,BSU26420
yrkR,BSU26410
yrkS,BSU26400
yrpB,BSU26800
yrpC,BSU26810
yrpD,BSU26820
yrpDX,G8J2-170
yrpE,BSU26830
yrpG,BSU26850
yrrA,BSU27500
yrrB,BSU27490
yrrC,BSU27480
yrrD,BSU27470
yrrI,BSU27420
yrrK,BSU27390
yrrL,BSU27370
yrrM,BSU27360
yrrN,BSU27350
yrrO,BSU27340
yrrR,BSU27310
yrrS,BSU27300
yrrT,BSU27280
yrrU,BSU27270
yrvC,BSU27640
yrvD,BSU27630
yrvE,BSU27620
yrvI,BSU27590
yrvJ,BSU27580
yrvM,BSU27540
yrvN,BSU27530
yrvO,BSU27510
yrxA,BSU27890
yrxB,BSU27860
yrzA,BSU27290
yrzB,BSU27380
yrzC,BSU27520
yrzD,BSU27660
yrzE,BSU27690
yrzF,BSU27785
yrzG,BSU27785
yrzH,BSU27800
yrzI,BSU27190
yrzK,BSU27570
yrzL,BSU27400
yrzO,BSU26619
yrzP,BSU27009
yrzQ,BSU27468
yrzR,BSU27469
yrzS,BSU27729
yrzT,BSU27809
ysaA,BSU28940
ysbA,BSU28910
ysbB,BSU28900
yscB,BSU28890
ysdA,BSU28840
ysdB,BSU28830
ysdC,BSU28820
yseA,BSU28770
yseB,BSU28760
yseC,BSU28750
yseD,BSU28740
yseE,BSU28730
ysfA,BSU28660
ysfB,BSU28670
ysfC,BSU28680
ysfD,BSU28690
ysfE,BSU28700
ysgA,BSU28650
ysgB,BSU28620
yshA,BSU28610
yshB,BSU28600
yshC,BSU28590
yshD,BSU28580
yshE,BSU28570
ysiA,BSU28550
ysiB,BSU28540
yslB,BSU28460
ysmA,BSU28420
ysmB,BSU28400
ysnA,BSU28360
ysnB,BSU28350
ysnD,BSU28320
ysnE,BSU28330
ysnF,BSU28340
ysoA,BSU28240
ysxA,BSU28040
ysxB,BSU27950
ysxC,BSU28190
ysxD,BSU28180
ysxE,BSU28100
ysxF,BSU28210
yszA,BSU28099
yszB,BSU27910
ytaA,BSU30920
ytaB,BSU30930
ytaE,BSU29080
ytaF,BSU29070
ytaG,BSU29060
ytaP,BSU30250
ytbA,BSU30910
ytbB,BSU30890
ytbD,BSU29040
ytbE,BSU29050
ytbJ,BSU29580
ytbQ,BSU30180
ytcA,BSU30860
ytcB,BSU30870
ytcC,BSU30880
ytcD,BSU29030
ytcF,BSU29010
ytcG,BSU29000
ytcI,BSU29560
ytcJ,BSU29550
ytcP,BSU30170
ytcQ,BSU30160
ytdA,BSU30850
ytdI,BSU29540
ytdP,BSU30150
yteA,BSU30840
yteI,BSU29530
yteJ,BSU29520
yteP,BSU30135
yteQ,BSU30135
yteR,BSU30120
yteS,BSU30110
yteT,BSU30100
yteU,BSU30090
yteV,BSU30080
ytfB,BSU30810
ytfD,BSU30780
ytfI,BSU29510
ytfJ,BSU29500
ytfP,BSU30060
ytfQ,BSU30070
ytgA,BSU30770
ytgB,BSU30760
ytgC,BSU30750
ytgD,BSU30740
ytgI,BSU29490
ytgP,BSU30050
ythA,BSU30710
ythB,BSU30720
ythI,BSU29480
ythP,BSU30010
ythQ,BSU30000
ytiA,BSU30700
ytiB,BSU30690
ytiP,BSU29990
ytjA,BSU30680
ytjB,BSU30670
ytjP,BSU29980
ytkA,BSU30660
ytkB,BSU30650
ytkC,BSU30640
ytkD,BSU30630
ytkK,BSU29420
ytkL,BSU29410
ytkP,BSU29970
ytlA,BSU30595
ytlB,BSU30595
ytlC,BSU30610
ytlD,BSU30620
ytlI,BSU29400
ytlP,BSU29960
ytlQ,BSU29950
ytlR,BSU29940
ytmA,BSU30580
ytmB,BSU30570
ytmI,BSU29390
ytmJ,BSU29380
ytmK,BSU29370
ytmL,BSU29360
ytmM,BSU29350
ytmN,BSU29340
ytmO,BSU29330
ytmP,BSU29920
ytmQ,BSU29900
ytnA,BSU30530
ytnI,BSU29320
ytnJ,BSU29310
ytnK,BSU29300
ytnL,BSU29290
ytnM,BSU29280
ytnP,BSU29890
ytoA,BSU30520
ytoI,BSU29270
ytoP,BSU29860
ytoQ,BSU29850
ytpA,BSU30510
ytpB,BSU30500
ytpI,BSU29260
ytpP,BSU29840
ytpQ,BSU29830
ytpR,BSU29820
ytpS,BSU29805
ytpT,BSU29805
ytqA,BSU30480
ytqB,BSU30490
ytqI,BSU29250
ytrA,BSU30460
ytrB,BSU30450
ytrC,BSU30440
ytrD,BSU30430
ytrE,BSU30420
ytrF,BSU30410
ytrG,G8J2-13
ytrH,BSU29239
ytrI,BSU29240
ytrP,BSU29650
ytsA,BSU30400
ytsB,BSU30390
ytsC,BSU30380
ytsD,BSU30370
ytsJ,BSU29220
ytsP,BSU29640
yttA,BSU30360
yttB,BSU30350
yttI,BSU29210
yttP,BSU29630
ytvA,BSU30340
ytvB,BSU30330
ytvI,BSU29160
ytvP,BSU29620
ytwF,BSU30310
ytwI,BSU29150
ytwP,BSU29610
ytxA,BSU28980
ytxB,BSU28970
ytxC,BSU28960
ytxD,BSU29730
ytxE,BSU29720
ytxF,BSU29790
ytxG,BSU29780
ytxH,BSU29770
ytxJ,BSU29760
ytxK,BSU29480
ytxM,BSU30810
ytxN,BSU30910
ytxO,BSU30890
ytzA,BSU29170
ytzB,BSU29870
ytzC,BSU30470
ytzD,BSU29430
ytzE,BSU30020
ytzF,BSU30035
ytzG,BSU30035
ytzH,BSU29910
ytzI,BSU30659
ytzJ,BSU29249
ytzK,BSU29679
ytzL,BSU30739
yuaA,BSU31090
yuaB,BSU31080
yuaC,BSU31070
yuaD,BSU31040
yuaE,BSU31030
yuaF,BSU31020
yuaG,BSU31010
yuaH,BSU31010
yuaI,BSU31000
yuaJ,BSU30990
yubA,BSU31160
yubB,BSU31150
yubC,BSU31140
yubD,BSU31130
yubE,BSU31120
yubF,BSU31110
yubG,BSU31100
yucA,BSU10780
yucB,BSU10790
yucD,BSU10810
yucE,BSU10820
yucF,BSU10830
yucG,BSU10850
yucH,BSU10860
yueA,BSU31875
yueB,BSU31860
yueC,BSU31850
yueD,BSU31840
yueE,BSU31830
yueF,BSU31800
yueG,BSU31790
yueH,BSU31780
yueI,BSU31770
yueJ,BSU31760
yueK,BSU31750
yufA,BSU31740
yufB,BSU31660
yufC,BSU31650
yufD,BSU31630
yufK,BSU31510
yufL,BSU31520
yufM,BSU31530
yufN,BSU31540
yufO,BSU31550
yufP,BSU31560
yufQ,BSU31570
yufR,BSU31580
yufS,BSU31590
yufT,BSU31600
yufU,BSU31610
yufV,BSU31620
yugB,BSU31470
yugC,BSU31480
yugD,BSU31500
yugE,BSU31430
yugF,BSU31420
yugG,BSU31410
yugH,BSU31400
yugI,BSU31390
yugJ,BSU31370
yugK,BSU31360
yugL,BSU31350
yugM,BSU31340
yugN,BSU31330
yugO,BSU31322
yugP,BSU31310
yugS,BSU31300
yugT,BSU31290
yugU,BSU31280
yugV,BSU31270
yuiA,BSU32090
yuiB,BSU32080
yuiC,BSU32070
yuiD,BSU32060
yuiE,BSU32050
yuiF,BSU32040
yuiG,BSU32030
yuiH,BSU32020
yuiI,BSU32010
yukA,BSU31875
yukB,BSU31875
yukC,BSU31890
yukD,BSU31900
yukE,BSU31910
yukF,BSU31920
yukJ,BSU31945
yulA,BSU31220
yulB,BSU31210
yulC,BSU31200
yulD,BSU31190
yulE,BSU31180
yulF,BSU31170
yumA,BSU32090
yumB,BSU32100
yumC,BSU32110
yumD,BSU32130
yumE,BSU32140
yunA,BSU32340
yunB,BSU32350
yunC,BSU32360
yunD,BSU32370
yunE,BSU32380
yunF,BSU32390
yunG,BSU32400
yunH,BSU32410
yunI,BSU32420
yunJ,BSU32430
yunK,BSU32440
yunL,BSU32450
yunM,BSU32460
yurB,BSU32470
yurC,BSU32480
yurD,BSU32490
yurE,BSU32500
yurF,BSU32510
yurG,BSU32520
yurH,BSU32530
yurI,BSU32540
yurJ,BSU32550
yurK,BSU32560
yurL,BSU32570
yurM,BSU32580
yurN,BSU32590
yurO,BSU32600
yurP,BSU32610
yurQ,BSU32620
yurR,BSU32630
yurS,BSU32650
yurT,BSU32660
yurU,BSU32670
yurV,BSU32680
yurW,BSU32690
yurX,BSU32700
yurY,BSU32710
yurZ,BSU32720
yusA,BSU32730
yusB,BSU32740
yusC,BSU32750
yusD,BSU32760
yusE,BSU32770
yusF,BSU32780
yusG,BSU32790
yusH,BSU32800
yusI,BSU32810
yusJ,BSU32820
yusK,BSU32830
yusL,BSU32840
yusM,BSU32850
yusN,BSU32860
yusO,BSU32870
yusP,BSU32880
yusQ,BSU32890
yusR,BSU32900
yusS,BSU32910
yusT,BSU32920
yusU,BSU32930
yusV,BSU32940
yusW,BSU32950
yusZ,BSU32980
yutA,BSU32340
yutB,BSU32330
yutC,BSU32320
yutD,BSU32310
yutE,BSU32300
yutF,BSU32290
yutG,BSU32280
yutH,BSU32270
yutI,BSU32220
yutJ,BSU32200
yutK,BSU32180
yutL,BSU32170
yutM,BSU32160
yuxA,BSU11120
yuxC,BSU10830
yuxD,BSU10850
yuxF,BSU31270
yuxG,BSU31220
yuxH,BSU31740
yuxI,BSU31945
yuxJ,BSU31480
yuxK,BSU31500
yuxL,BSU32230
yuxN,BSU33030
yuxO,BSU31670
yuzA,BSU31380
yuzB,BSU32190
yuzC,BSU31730
yuzD,BSU32210
yuzE,BSU31810
yuzF,BSU31820
yuzG,BSU32120
yuzH,BSU31279
yuzI,BSU31319
yuzJ,BSU32469
yuzK,BSU32719
yuzL,BSU32849
yuzM,BSU32859
yuzN,BSU32669
yuzO,BSU33029
yvaA,BSU33530
yvaB,BSU33540
yvaC,BSU33550
yvaD,BSU33560
yvaE,BSU33570
yvaF,BSU33580
yvaG,BSU33590
yvaI,BSU33600
yvaJ,BSU33610
yvaK,BSU33620
yvaL,BSU33630
yvaM,BSU33640
yvaN,BSU33660
yvaO,BSU33670
yvaP,BSU33680
yvaQ,BSU33690
yvaV,BSU33740
yvaW,BSU33750
yvaX,BSU33760
yvaY,BSU33770
yvaZ,BSU33780
yvbA,BSU33790
yvbB,BSU33800
yvbC,BSU33810
yvbD,BSU33820
yvbE,BSU33830
yvbF,BSU33840
yvbG,BSU33850
yvbH,BSU33860
yvbI,BSU33870
yvbJ,BSU33880
yvbK,BSU33890
yvbQ,BSU33950
yvbR,BSU33960
yvbS,BSU33970
yvbT,BSU33980
yvbU,BSU33990
yvbV,BSU34000
yvbW,BSU34010
yvbX,BSU34020
yvbY,BSU34030
yvcA,BSU34850
yvcB,BSU34840
yvcC,BSU34820
yvcD,BSU34810
yvcE,BSU34800
yvcH,BSU34790
yvcI,BSU34780
yvcJ,BSU34770
yvcK,BSU34760
yvcL,BSU34750
yvcM,BSU34740
yvcN,BSU34730
yvcP,BSU34720
yvcQ,BSU34710
yvcR,BSU34700
yvcS,BSU34690
yvcT,BSU34680
yvdA,BSU34670
yvdB,BSU34660
yvdC,BSU34650
yvdD,BSU34640
yvdE,BSU34630
yvdF,BSU34620
yvdG,BSU34610
yvdH,BSU34600
yvdI,BSU34590
yvdJ,BSU34580
yvdK,BSU34570
yvdL,BSU34560
yvdM,BSU34550
yvdN,BSU34540
yvdO,BSU34530
yvdP,BSU34520
yvdQ,BSU34510
yvdR,BSU34500
yvdS,BSU34490
yvdT,BSU34480
yveA,BSU34470
yveB,BSU34460
yveF,BSU34420
yveG,BSU34410
yveH,BSU34400
yveJ,BSU34380
yveK,BSU34370
yveL,BSU34360
yveM,BSU34350
yveN,BSU34340
yveO,BSU34330
yveP,BSU34320
yveQ,BSU34310
yveR,BSU34300
yveS,BSU34290
yveT,BSU34280
yvfA,BSU34265
yvfB,BSU34265
yvfC,BSU34250
yvfD,BSU34240
yvfE,BSU34230
yvfF,BSU34220
yvfG,BSU34210
yvfH,BSU34190
yvfI,BSU34180
yvfJ,BSU34170
yvfK,BSU34160
yvfL,BSU34150
yvfM,BSU34140
yvfN,BSU34130
yvfO,BSU34120
yvfP,BSU34110
yvfQ,BSU34100
yvfR,BSU34090
yvfS,BSU34080
yvfT,BSU34070
yvfU,BSU34060
yvfV,BSU34050
yvfW,BSU34040
yvgJ,BSU33360
yvgK,BSU33370
yvgL,BSU33380
yvgM,BSU33390
yvgN,BSU33400
yvgO,BSU33410
yvgP,BSU33420
yvgQ,BSU33430
yvgR,BSU33440
yvgS,BSU33450
yvgT,BSU33460
yvgU,BSU33470
yvgV,BSU33480
yvgW,BSU33490
yvgX,BSU33500
yvgY,BSU33510
yvgZ,BSU33520
yvhB,BSU35600
yvhC,BSU35590
yvhD,BSU35580
yvhE,BSU35570
yvhF,BSU35560
yvhG,BSU35550
yvhH,BSU35540
yvhI,BSU35530
yvhJ,BSU35520
yvhK,BSU35510
yviA,BSU35480
yviB,BSU35440
yviC,BSU35420
yviD,BSU35400
yviE,BSU35390
yviF,BSU35380
yviG,BSU35370
yviH,BSU35350
yviI,BSU35310
yvjA,BSU35280
yvjB,BSU35240
yvjD,BSU35220
yvkA,BSU35210
yvkB,BSU35200
yvkC,BSU35190
yvkN,BSU35140
yvlA,BSU35130
yvlB,BSU35120
yvlC,BSU35110
yvlD,BSU35100
yvmA,BSU35090
yvmB,BSU35080
yvmC,BSU35070
yvnA,BSU35050
yvnB,BSU35040
yvoA,BSU35030
yvoB,BSU35000
yvoC,BSU34990
yvoD,BSU34980
yvoE,BSU34970
yvoF,BSU34960
yvpA,BSU34950
yvpB,BSU34940
yvqA,BSU33010
yvqB,BSU33020
yvqC,BSU33080
yvqE,BSU33090
yvqF,BSU33100
yvqG,BSU33110
yvqH,BSU33120
yvqI,BSU33130
yvqJ,BSU33140
yvqK,BSU33150
yvrA,BSU33160
yvrB,BSU33170
yvrC,BSU33180
yvrD,BSU33190
yvrE,BSU33200
yvrG,BSU33210
yvrH,BSU33221
yvrHa,BSU33222
yvrHb,BSU33221
yvrI,BSU33230
yvrJ,BSU33239
yvrK,BSU33240
yvrL,BSU33250
yvrM,BSU33260
yvrN,BSU33260
yvrO,BSU33270
yvrP,BSU33280
yvsB,BSU33400
yvsC,BSU33390
yvsD,BSU33380
yvsE,BSU33370
yvsF,BSU33360
yvsG,BSU33350
yvsH,BSU33330
yvtA,BSU33000
yvtB,BSU33000
yvxA,BSU32980
yvyA,BSU36400
yvyB,BSU36390
yvyC,BSU35350
yvyD,BSU35310
yvyE,BSU35510
yvyF,BSU35440
yvyG,BSU35420
yvyH,BSU35660
yvyI,BSU35790
yvzA,BSU34830
yvzB,BSU35150
yvzC,BSU33650
yvzF,BSU33049
yvzG,BSU35319
yvzJ,BSU34729
ywaA,BSU38550
ywaB,BSU38490
ywaC,BSU38480
ywaD,BSU38470
ywaE,BSU38450
ywaF,BSU38440
ywaG,BSU38430
ywbA,BSU38390
ywbB,BSU38380
ywbC,BSU38370
ywbD,BSU38360
ywbE,BSU38350
ywbF,BSU38340
ywbG,BSU38330
ywbH,BSU38320
ywbI,BSU38310
ywbJ,BSU38300
ywbK,BSU38290
ywbL,BSU38280
ywbM,BSU38270
ywbN,BSU38260
ywbO,BSU38250
ywcA,BSU38240
ywcB,BSU38230
ywcC,BSU38220
ywcD,BSU38210
ywcE,BSU38130
ywcF,BSU38120
ywcG,BSU38110
ywcH,BSU38100
ywcI,BSU38080
ywcJ,BSU38060
ywdA,BSU38030
ywdB,BSU38020
ywdD,BSU38000
ywdE,BSU37990
ywdF,BSU37980
ywdG,BSU37970
ywdH,BSU37960
ywdI,BSU37950
ywdJ,BSU37940
ywdK,BSU37930
ywdL,BSU37920
yweA,BSU37800
yweB,BSU37790
ywfA,BSU37750
ywfB,BSU37740
ywfC,BSU37730
ywfD,BSU37720
ywfE,BSU37710
ywfF,BSU37700
ywfG,BSU37690
ywfH,BSU37680
ywfI,BSU37670
ywfJ,BSU37660
ywfK,BSU37650
ywfL,BSU37640
ywfM,BSU37630
ywfN,BSU37620
ywfO,BSU37600
ywgA,BSU37590
ywgB,BSU37580
ywhA,BSU37550
ywhB,BSU37540
ywhC,BSU37530
ywhD,BSU37520
ywhE,BSU37510
ywhF,BSU37500
ywhG,BSU37490
ywhH,BSU37480
ywhI,BSU37470
ywhJ,BSU37460
ywhK,BSU37450
ywhL,BSU37440
ywhM,BSU37430
ywhN,BSU37420
ywhO,BSU37410
ywhP,BSU37400
ywhQ,BSU37390
ywhR,BSU37380
ywiA,BSU37370
ywiB,BSU37340
ywiC,BSU37300
ywiD,BSU37290
ywiE,BSU37240
ywjA,BSU37230
ywjB,BSU37220
ywjC,BSU37210
ywjD,BSU37200
ywjE,BSU37190
ywjF,BSU37180
ywjG,BSU37140
ywjH,BSU37110
ywjI,BSU37090
ywkA,BSU37050
ywkB,BSU37040
ywkC,BSU37030
ywkD,BSU37020
ywkE,BSU37000
ywkF,BSU36990
ywlA,BSU36980
ywlB,BSU36960
ywlC,BSU36950
ywlD,BSU36940
ywlE,BSU36930
ywlF,BSU36920
ywlG,BSU36910
ywmA,BSU36790
ywmB,BSU36770
ywmC,BSU36740
ywmD,BSU36730
ywmE,BSU36720
ywmF,BSU36680
ywmG,BSU36670
ywnA,BSU36630
ywnB,BSU36620
ywnC,BSU36610
ywnD,BSU36600
ywnE,BSU36590
ywnF,BSU36580
ywnG,BSU36570
ywnH,BSU36560
ywnI,BSU36550
ywnJ,BSU36540
ywoA,BSU36530
ywoB,BSU36500
ywoC,BSU36490
ywoD,BSU36480
ywoE,BSU36470
ywoF,BSU36460
ywoG,BSU36450
ywoH,BSU36440
ywpA,BSU36380
ywpB,BSU36370
ywpC,BSU36360
ywpD,BSU36350
ywpE,BSU36340
ywpF,BSU36330
ywpG,BSU36320
ywpH,BSU36310
ywpI,BSU36300
ywpJ,BSU36290
ywqA,BSU36280
ywqB,BSU36270
ywqC,BSU36260
ywqD,BSU36250
ywqE,BSU36240
ywqF,BSU36230
ywqG,BSU36220
ywqH,BSU36210
ywqI,BSU36200
ywqJ,BSU36190
ywqK,BSU36180
ywqL,BSU36170
ywqM,BSU36160
ywqN,BSU36150
ywqO,BSU36140
ywrA,BSU36130
ywrB,BSU36120
ywrC,BSU36110
ywrD,BSU36100
ywrE,BSU36090
ywrF,BSU36080
ywrH,BSU36060
ywrJ,BSU36040
ywrK,BSU36030
ywrO,BSU35990
ywsA,BSU35980
ywsB,BSU35970
ywsC,BSU35900
ywtA,BSU35890
ywtB,BSU35880
ywtC,BSU35870
ywtD,BSU35860
ywtE,BSU35850
ywtF,BSU35840
ywtG,BSU35830
ywzA,BSU38180
ywzB,BSU36780
ywzC,BSU37610
ywzD,BSU36269
ywzG,BSU38018
ywzH,BSU38499
yxaA,BSU40040
yxaB,BSU40030
yxaC,BSU40022
yxaD,BSU40010
yxaF,BSU39990
yxaG,BSU39980
yxaH,BSU39970
yxaI,BSU39960
yxaJ,BSU39950
yxaK,BSU40021
yxaL,BSU39940
yxaM,BSU39930
yxaN,BSU39920
yxaO,BSU39900
yxaP,BSU39890
yxaQ,BSU39880
yxaR,BSU39870
yxaS,BSU39860
yxaT,BSU39850
yxaU,BSU39840
yxbA,BSU39900
yxbB,BSU39820
yxbC,BSU39880
yxbD,BSU39870
yxbE,BSU39860
yxbF,BSU39780
yxbG,BSU39840
yxcA,BSU39830
yxcC,BSU39810
yxcD,BSU39800
yxcE,BSU39790
yxdA,BSU39760
yxdB,BSU39750
yxdC,BSU39740
yxdD,BSU39730
yxdE,BSU39720
yxdF,BSU39710
yxdG,BSU39690
yxdH,BSU39680
yxdI,BSU39670
yxdJ,BSU39660
yxdK,BSU39650
yxdL,BSU39640
yxdM,BSU39630
yxeA,BSU39620
yxeB,BSU39610
yxeC,BSU39600
yxeD,BSU39590
yxeE,BSU39580
yxeF,BSU39570
yxeG,BSU39560
yxeH,BSU39550
yxeI,BSU39540
yxeJ,BSU39530
yxeK,BSU39520
yxeL,BSU39510
yxeM,BSU39500
yxeN,BSU39490
yxeO,BSU39480
yxeP,BSU39470
yxeQ,BSU39460
yxeR,BSU39450
yxiA,BSU39330
yxiB,BSU39320
yxiC,BSU39310
yxiD,BSU39300
yxiE,BSU39250
yxiF,BSU39210
yxiG,BSU39190
yxiH,BSU39180
yxiI,BSU39160
yxiJ,BSU39150
yxiK,BSU39140
yxiM,BSU39120
yxiN,BSU39110
yxiO,BSU39100
yxiP,BSU39090
yxiQ,BSU39060
yxiS,BSU39040
yxjA,BSU39020
yxjB,BSU39010
yxjC,BSU39000
yxjD,BSU38990
yxjE,BSU38980
yxjF,BSU38970
yxjG,BSU38960
yxjH,BSU38950
yxjI,BSU38940
yxjJ,BSU38930
yxjL,BSU38910
yxjM,BSU38900
yxjN,BSU38890
yxjO,BSU38880
yxkA,BSU38870
yxkC,BSU38850
yxkD,BSU38840
yxkE,BSU38830
yxkF,BSU38820
yxkG,BSU38810
yxkH,BSU38800
yxkI,BSU38780
yxkJ,BSU38770
yxkK,BSU38760
yxkL,BSU38750
yxkM,BSU38740
yxkN,BSU38730
yxkO,BSU38720
yxlA,BSU38710
yxlB,BSU38700
yxlC,BSU38690
yxlD,BSU38680
yxlE,BSU38670
yxlF,BSU38660
yxlG,BSU38650
yxlH,BSU38640
yxlI,BSU38630
yxlJ,BSU38620
yxnA,BSU40000
yxnB,BSU39910
yxxB,BSU39440
yxxC,BSU39430
yxxD,BSU39290
yxxE,BSU39280
yxxF,BSU39240
yxxG,BSU39220
yxzC,BSU39200
yxzE,BSU38790
yxzF,BSU38610
yxzG,BSU39170
yxzJ,BSU39139
yxzK,BSU40021
yxzL,BSU39339
yyaA,BSU40990
yyaB,BSU40980
yyaC,BSU40950
yyaD,BSU40940
yyaE,BSU40930
yyaF,BSU40920
yyaG,BSU40870
yyaH,BSU40860
yyaI,BSU40850
yyaJ,BSU40840
yyaK,BSU40830
yyaL,BSU40820
yyaM,BSU40810
yyaN,BSU40800
yyaO,BSU40790
yyaP,BSU40760
yyaQ,BSU40750
yyaR,BSU40740
yyaS,BSU40730
yyaT,BSU40720
yybA,BSU40710
yybB,BSU40700
yybC,BSU40690
yybD,BSU40680
yybE,BSU40670
yybF,BSU40660
yybG,BSU40650
yybH,BSU40640
yybI,BSU40630
yybJ,BSU40620
yybK,BSU40610
yybL,BSU40600
yybM,BSU40590
yybN,BSU40580
yybO,BSU40570
yybP,BSU40560
yybQ,BSU40550
yybR,BSU40540
yybS,BSU40520
yybT,BSU40510
yycA,BSU40490
yycB,BSU40480
yycC,BSU40470
yycD,BSU40450
yycE,BSU40430
yycF,BSU40410
yycG,BSU40400
yycH,BSU40390
yycI,BSU40380
yycJ,BSU40370
yycK,BSU40360
yycL,BSU40310
yycM,BSU40300
yycN,BSU40290
yycO,BSU40280
yycP,BSU40270
yycQ,BSU40260
yycR,BSU40250
yycS,BSU40240
yydA,BSU40230
yydB,BSU40220
yydC,BSU40210
yydD,BSU40200
yydE,BSU40190
yydF,BSU40180
yydG,BSU40170
yydH,BSU40160
yydI,BSU40150
yydJ,BSU40140
yydK,BSU40130
yyxA,BSU40360
yyzB,BSU40460
yyzE,BSU40120
yyzF,BSU40239
yyzG,BSU40259
yyzH,BSU40529
yyzM,BSU40939
yyzN,BSU40139
yzaA,BSU14480
yzaB,BSU14500
yzaC,BSU14510
yzaD,BSU14520
yzaE,BSU02770
yzbA,BSU01660
yzbB,BSU01650
yzbC,BSU01640
yzbD,BSU19590
yzcA,BSU12910
yzcB,BSU08100
yzdA,BSU08950
yzdB,BSU08960
yzdC,BSU08980
yzeA,BSU08840
yzeB,BSU08850
yzeC,BSU08860
yzfA,BSU02350
yzgA,BSU02440
yzgB,BSU02450
yzhA,BSU35080
yziB,BSU33260
yzjA,BSU21740
yzkA,BSU34800
yzlB,BSU16930
yzmB,BSU24990
yzmC,BSU24980
yzmD,BSU24970
yzmE,BSU24960
yzmF,BSU24950
yznA,BSU30660
yzoA,BSU10290
yzpA,BSU24200
yzqA,BSU06830
yzsA,BSU04140
yztA,BSU08050
yzuA,BSU22920
yzvA,BSU06250
yzwA,BSU30850
yzwB,BSU30840
yzxA,BSU19800
yzzA,BSU04220
yzzE,BSU13160
yzzH,BSU28230
yzzP,G8J2-175
zapA,BSU28610
zinT,BSU26830
znuA,BSU02850
znuB,BSU02870
znuC,BSU02860
zosA,BSU13850
zur,BSU25100
zwf,BSU23850
