,flux
23CN2P1,0.0
23CN2P2,0.0
23CN2P3,0.0
23CN2P4,0.0
26DPAi,-0.0
2HXMPt6,-0.0
2PGLYCt6,0.0
2PGt6,0.0
2S6HCCi,3.1379059569931486e-05
3AMBAt2,0.0
3AMPt6,0.0
3CMPt6,0.0
3GMPt6,0.0
3NUCLE1,0.0
3NUCLE2,0.0
3NUCLE3,0.0
3NUCLE4,0.0
3PGt6,0.0
3UMPt6,0.0
5MTRt2,0.0
6PGCt6,0.0
AAMYL_1,0.0
AB6PGH,0.0
ABTA,0.0
ABTt_1,0.0
ABUTD,0.0
ABUTt2r,0.0
ACACT1r,0.003300227708668674
ACACT2r,0.003300227708668674
ACACT3r,0.003300227708668674
ACACT4r,0.003300227708668574
ACACT5r_1,0.003300227708668574
ACACT6r_1,0.003300227708668574
ACACT7r,0.002538636698975826
ACACt2,0.0
ACCOAC,0.12007751586155657
ACGApts,0.0
ACGK,0.022769990440195766
ACGS,-0.0
ACHBS,0.044786765484343176
ACKr,0.05038462455852997
ACLDC,0.0020210001824738145
ACLS,0.08745166951332638
ACMANAt2,0.0
ACNAMt2,0.0
ACNPLYS,-0.0
ACOAD1,0.003300227708668674
ACOAD2,0.003300227708668674
ACOAD20,0.0
ACOAD3,-0.003300227708668574
ACOAD4_1,-0.003300227708668574
ACOAD5_1,-0.003300227708668574
ACOAD6,-0.003300227708668574
ACOAD7,-0.002538636698975826
ACOADH2,-0.0
ACODA_1,0.0
ACONT,1.9715697450333771
ACOTA,-0.022769990440195766
ACPS1,-0.0
ACPpds,-0.0
ACS,0.0
ACS2,0.0
ACTD2,0.0020210001824738145
ACTNabc,0.0
ACTNabc1,0.0
ACt2r,0.0
ADADir,0.0
ADCL,4.32936648942394e-05
ADCS,4.32936648942394e-05
ADD,0.0
ADEt2,0.0
ADK1,0.18483504688908556
ADK2,0.0
ADMDC,-0.0
ADNK1,0.0
ADNt2,0.0
ADPDA,0.05038462455852997
ADPRDP,0.0
ADPT,0.0
ADSK,-0.0
ADSL1r,0.02156118857504845
ADSL2r,0.021487577599516406
ADSS,0.02156118857504845
AGDC,0.0
AGMT,0.0
AGPATr_BS,0.01269318349487913
AGPR,-0.022769990440195766
AHCYSNS,-0.0
AHMMPS_1,-0.0
AHSERL3,-0.0
AHSERL4,0.0
AICART,0.031130032299218312
AIRC1,0.021487577599516406
AKGDH,1.8563371087712837
AKGt2r,0.0
AKP1,4.32936648942394e-05
ALAALAr,0.012010983865224055
ALAD_L,0.0
ALAR,0.041577135962701246
ALATA_L,-0.08507358508025085
ALAt2r,0.0
ALCD19_L,0.0
ALCD19y,0.0
ALCD2y,0.0
ALDD1,0.0
ALDD10,0.0
ALDD11,0.0
ALDD12,0.0
ALDD13,0.0
ALDD14,0.0
ALDD15,0.0
ALDD16,0.0
ALDD17,0.0
ALDD18,0.0
ALDD20x_1,0.0
ALDD2x,0.0
ALDD3,0.0
ALDD31_1,0.0
ALDD32,0.0
ALDD4,0.0
ALDD4x,0.0
ALDD5,0.0
ALDD6,0.0
ALDD7,0.0
ALDD8,0.0
ALDD9,0.0
ALKP,-0.0
ALLTAHr,0.0
ALLTN,0.0
ALLTNt2r,0.0
ALTRH,-0.0
AMAA,-0.0
AMAOTr,-0.0
AMMQT7,3.1379059569931486e-05
AMPt6,0.0
ANPRT,0.006409821732135245
ANS,0.006409821732135245
ANTIMt1,0.0
AOXSr,-0.0
APATi,0.05038462455852997
APNPT,0.0
APRAUR,0.0
APSR,0.020091563569831168
APTA1i,0.05038462455852997
ARABDI,0.0
ARABRr,-0.0
ARAB_Dt,0.0
ARAI,0.0
ARBTpts,0.0
ARBabc,0.0
ARBt2r,0.0
ARGDC,0.0
ARGKr,-0.0
ARGN_1,-0.0
ARGPt6,0.0
ARGSL,0.022769990440195766
ARGSS,0.022769990440195766
ARGabc,0.0
ARGt2r,0.0
ARSENBabc,0.0
ARSENBt2,0.0
ARSNAt1,0.0
ARSt1,0.0
ASAD,-0.13051919284915628
ASNN,0.0
ASNS1,0.017457492061865032
ASNt2r,0.0
ASP1DC,-0.0
ASPCT,0.0143889503418948
ASPK,0.13051919284915628
ASPO1,0.0
ASPO6,0.0020424700653385013
ASPT,0.0
ASPTA,-0.2476875390873929
ASPt2r,0.0
ATPM,9.0
ATPPRT,0.009642454699701907
ATPS4r,18.77154015303609
BALAt2r,0.0
BETALDHx,0.0
BGLA1,0.0
BG_CELLB,0.0
BG_MADG,0.0
BG_MBDG,0.0
BILEt4,0.0
BIOMASS_BS_10,0.11796638935761272
BLACT,0.0
BTDD_RR,0.0
BTDt6_RR,0.0
BTS_1,0.0
BUTKr,0.0
BUTSabc,0.0
CA2abc1,0.0
CAT,0.00823735703606377
CAt4,-0.0003780822778911488
CBL2abc,0.0
CBPS,0.03715894078209057
CD2abc1,0.0
CD2t4,0.0
CDGPT_BS,0.0024537008986383444
CDPDSP_BS,0.006606117804026312
CDPMEK,0.00021965341698952038
CELBpts,0.0
CHCOAL,-0.0
CHLabc,0.0
CHOLD2,0.0
CHOLSabc_1,0.0
CHORM,0.033828395711357095
CHORS,0.040312890167956514
CHORt2,0.0
CITRt2r,0.0
CITt10,999999.0
CITt11,0.0
CITt12,0.0
CITt13,0.0
CITt14,0.0
CITt15,0.0
CITt2r,-999999.0
CLPNS2_BS,5.898319467880637e-05
CMPDAi,0.0
CMPt6,0.0
CO2t,-5.980675627790437
CPPPGO,-0.0
CRNabc,0.0
CRO4t3,0.0
CS,1.9715697450333771
CSNt2,0.0
CTBTabc,0.0
CTPS1,0.0067605358076946185
CTPS2,0.0
CYOO3,11.395323745413366
CYOR3m,11.395323745413366
CYSGLYt2ir,0.0
CYSS_2,0.0
CYSTGL,0.044786765484343176
CYSTL,0.0
CYSTS,0.006722904529490348
CYSTabc,0.0
CYSabc,0.0
CYTB_B2,0.0
CYTB_B3,0.0
CYTD,0.0
CYTDK1,0.0
CYTDK2,0.0
CYTDt2,0.0
CYTK1,0.06356453737590506
CYTK2,0.0
CYTOM,-3.1379059569931486e-05
Cut1,0.0
D4DGCD,0.0
DAAOP,0.0
DADK,0.0
DADNK,0.0
DADNt2,0.0
DAGK_BS,0.0
DALAOX,0.0
DALAt2r,0.0
DAPDC,0.03837364069330591
DAPE,0.05038462455852997
DB4PS,0.0
DBTS,0.0
DCMPDA,0.0
DCYTD,0.0
DCYTt2,0.0
DDGLCNt2r,0.0
DDGLK,0.0
DDPA,0.040312890167956514
DEXTRINt2,0.0
DGK1,0.002052379242043746
DGNSK,0.002052379242043746
DHAD1,0.08543066933085257
DHAD2,0.0
DHAD3,0.044786765484343176
DHAt,0.0
DHBD,-0.0
DHBS,-0.0
DHDPRy,0.05038462455852997
DHDPS,0.05038462455852997
DHFR,0.0027759850743641445
DHFS,4.32936648942394e-05
DHNAOT7,3.1379059569931486e-05
DHNPA_1,4.32936648942394e-05
DHORDi,0.0143889503418948
DHORTS,-0.0143889503418948
DHPPDA,0.0
DHQS,0.040312890167956514
DHQTi,0.040312890167956514
DINSK,-0.0
DIPEPabc1,0.0
DIPEPabc10,0.0
DIPEPabc11,0.0
DIPEPabc12,0.0
DIPEPabc13,0.0
DIPEPabc14,0.0
DIPEPabc15,0.0
DIPEPabc2,-0.0
DIPEPabc3,0.0
DIPEPabc4,0.0
DIPEPabc5,-0.0
DIPEPabc6,-0.0
DIPEPabc7,0.0
DIPEPabc8,0.0
DIPEPabc9,0.0
DJENKabc,0.0
DKI,0.0
DKII,0.0
DKMD2K,0.0
DKMD3M,-0.0
DM1PE,0.0
DMATT,3.1379059569931486e-05
DMPPS,0.00021965341698952038
DPCOAK,0.0
DPR,0.0
DRBK,0.0
DRIBabc,0.0
DRPA,-0.0020210001824738145
DSERt2,0.0
DTMPK,0.0027013123498999736
DTMPt6,0.0
DURIK1,0.0
DURIPP,0.0
DUTPDP,0.0
DXPRIi,0.00021965341698952038
DXPS,0.00021965341698952038
ECOAH1_1,0.003300227708668674
ECOAH2,0.003300227708668674
ECOAH2c,-0.0
ECOAH3,0.003300227708668674
ECOAH4,0.003300227708668574
ECOAH5_1,0.003300227708668574
ECOAH6,0.003300227708668574
ECOAH7,0.002538636698975826
ECOAH9ir,0.0
ECTOINEabc,0.0
EDA,0.0
ENO,2.940944865586303
ETHAAL,0.0
ETHAt6,0.0
ETHSabc,0.0
ETOHt3,0.0
EX_2ddglcn_e,0.0
EX_2hxmp_e,0.0
EX_2pg_e,0.0
EX_2pglyc_e,0.0
EX_3amba_e,0.0
EX_3amp_e,0.0
EX_3cmp_e,0.0
EX_3gmp_e,0.0
EX_3pg_e,0.0
EX_3ump_e,0.0
EX_4abut_e,0.0
EX_5mtr_e,0.0
EX_6pgc_e,0.0
EX_L_alagly_e,0.0
EX_Larab_e,0.0
EX_Lcyst_e,0.0
EX_abt__L_e,0.0
EX_ac_e,0.0
EX_acac_e,0.0
EX_acgam_e,0.0
EX_acmana_e,0.0
EX_acnam_e,0.0
EX_actn__R_e,0.0
EX_ade_e,0.0
EX_adn_e,0.0
EX_akg_e,0.0
EX_ala_B_e,0.0
EX_ala_L_Thr__L_e,0.0
EX_ala_L_asp__L_e,0.0
EX_ala_L_gln__L_e,0.0
EX_ala_L_glu__L_e,0.0
EX_ala_L_his__L_e,0.0
EX_ala_L_leu__L_e,0.0
EX_ala__D_e,0.0
EX_ala__L_e,0.0
EX_alaala_e,0.0
EX_alltn_e,0.0
EX_amp_e,0.0
EX_amylase_e,0.0
EX_antim_e,0.0
EX_arab__D_e,0.0
EX_arab__L_e,0.0
EX_arbt_e,0.0
EX_arg__L_e,0.0
EX_argp_e,0.0
EX_arsenb_e,0.0
EX_arsna_e,0.0
EX_arsni2_e,0.0
EX_asn__L_e,0.0
EX_asp__L_e,0.0
EX_bilea_e,0.0
EX_btd_RR_e,0.0
EX_buts_e,0.0
EX_ca2_e,-0.0003780822778911488
EX_cbl2_e,0.0
EX_cd2_e,0.0
EX_cellb_e,0.0
EX_cgly_e,0.0
EX_chitob_e,0.0
EX_chol_e,0.0
EX_chols_e,0.0
EX_chor_e,0.0
EX_cit_e,0.0
EX_citr__L_e,0.0
EX_cmp_e,0.0
EX_co2_e,5.980675627790437
EX_cobalt2_e,0.0
EX_crn_e,0.0
EX_cro4_e,0.0
EX_csn_e,0.0
EX_ctbt_e,0.0
EX_cu2_e,0.0
EX_cys__D_e,0.0
EX_cys__L_e,0.0
EX_cyst__L_e,0.0
EX_cytd_e,0.0
EX_dad_2_e,0.0
EX_dcyt_e,0.0
EX_dextrin_e,0.0
EX_dha_e,0.0
EX_diact_e,0.0
EX_djenk_e,0.0
EX_drib_e,0.0
EX_dtmp_e,0.0
EX_ectoine_e,0.0
EX_etha_e,0.0
EX_eths_e,0.0
EX_etoh_e,0.0
EX_f6p_e,0.0
EX_fe2_e,0.0
EX_fe3_e,-0.0004069840432837638
EX_ferrich_e,0.0
EX_ferxa_e,0.0
EX_fol_e,0.0
EX_for_e,0.0
EX_fru_e,0.0
EX_fum_e,0.0
EX_g1p_e,0.0
EX_g6p_e,0.0
EX_gal_e,0.0
EX_galctr__D_e,0.0
EX_galt_e,0.0
EX_galur_e,0.0
EX_gam6p_e,0.0
EX_gam_e,0.0
EX_gbbtn_e,0.0
EX_glc__D_e,-1.7
EX_glcn__D_e,0.0
EX_glcr_e,0.0
EX_glcur_e,0.0
EX_gln__L_e,0.0
EX_glu__D_e,0.0
EX_glu__L_e,0.0
EX_glx_e,0.0
EX_gly_asn__L_e,0.0
EX_gly_asp__L_e,0.0
EX_gly_e,0.0
EX_gly_gln__L_e,0.0
EX_gly_glu__L_e,0.0
EX_gly_met__L_e,0.0
EX_gly_pro__L_e,0.0
EX_glyb_e,0.0
EX_glyc3p_e,0.0
EX_glyc_e,0.0
EX_glyclt_e,0.0
EX_glycogen_e,0.0
EX_gmp_e,0.0
EX_gsn_e,0.0
EX_gthox_e,0.0
EX_gthrd_e,0.0
EX_gua_e,0.0
EX_h2o2_e,0.0
EX_h2o_e,7.8698194651571525
EX_h_e,0.7676647449179131
EX_hexs_e,0.0
EX_hg2_e,0.0
EX_his__L_e,0.0
EX_hqn_e,0.0
EX_hxan_e,0.0
EX_icit_e,0.0
EX_ile__L_e,0.0
EX_inost_e,0.0
EX_ins_e,0.0
EX_istnt_e,0.0
EX_k_e,-0.08332107639995416
EX_lac__L_e,0.0
EX_lanth_e,0.0
EX_lcts_e,0.0
EX_leu__L_e,0.0
EX_lipt_e,0.0
EX_lys__L_e,0.0
EX_madg_e,0.0
EX_mal__D_e,0.0
EX_mal__L_e,0.0
EX_malt_e,0.0
EX_malttr_e,0.0
EX_man1p_e,0.0
EX_man6p_e,0.0
EX_man_e,0.0
EX_mbdg_e,0.0
EX_melib_e,0.0
EX_meoh_e,0.0
EX_met_L_ala__L_e,0.0
EX_met__D_e,0.0
EX_met__L_e,0.0
EX_metox__R_e,0.0
EX_metox_e,0.0
EX_mg2_e,-0.01199883327719825
EX_mn2_e,0.0
EX_mnl_e,0.0
EX_mobd_e,0.0
EX_mops_e,0.0
EX_mso3_e,0.0
EX_na1_e,0.0
EX_nac_e,0.0
EX_nh4_e,-0.9449636266574564
EX_ni2_e,0.0
EX_no2_e,0.0
EX_no3_e,0.0
EX_o2_e,-5.705899229742747
EX_orn__L_e,0.0
EX_pala_e,0.0
EX_pep_e,0.0
EX_phe__L_e,0.0
EX_pi_e,-0.18105316201047372
EX_pnto__R_e,0.0
EX_ppa_e,0.0
EX_ppi_e,0.0
EX_pro__L_e,0.0
EX_prolb_e,0.0
EX_pser__D_e,0.0
EX_pser__L_e,0.0
EX_pur_e,0.0
EX_pyr_e,0.0
EX_raffin_e,0.0
EX_rib__D_e,0.0
EX_ribflv_e,0.0
EX_rmn_e,0.0
EX_salcn_e,0.0
EX_sbt__D_e,0.0
EX_ser__D_e,0.0
EX_ser__L_e,0.0
EX_so4_e,-0.020091563569831168
EX_spmd_e,0.0
EX_srb__L_e,0.0
EX_starch_e,0.0
EX_subtilisin_e,0.0
EX_succ_e,0.0
EX_sucr_e,0.0
EX_sula_e,0.0
EX_taur_e,0.0
EX_thiog_e,0.0
EX_thr__L_e,0.0
EX_thym_e,0.0
EX_thymd_e,0.0
EX_tmp_e,0.0
EX_tre_e,0.0
EX_trp__L_e,0.0
EX_tyr__L_e,0.0
EX_ump_e,0.0
EX_ura_e,0.0
EX_urate_e,0.0
EX_urea_e,0.0
EX_uri_e,0.0
EX_val__L_e,0.0
EX_xan_e,0.0
EX_xtsn_e,0.0
EX_xyl__D_e,0.0
EX_zn2_e,0.0
F6Pt6_2,0.0
FACOAL140,0.0
FACOAL140_ISO,0.00025386366989758256
FACOAL150_ISO,0.005077273397951652
FACOAL150_anteiso,0.008631364776517807
FACOAL160,0.0
FACOAL160_ISO,0.001269318349487913
FACOAL161,-0.0
FACOAL161_ISO,-0.0
FACOAL170_ISO,0.0017770456892830782
FACOAL170_anteiso,0.004315682388258904
FACOAL171_ISO,-0.0
FACOAL171_anteiso,-0.0
FACOAL180_2,0.0007615910096927477
FACOAL181,-0.0
FBA,1.5836747985212407
FBA2,0.0
FBP,0.0
FCLT_2,-0.0
FDH,0.0009328784290119348
FDMO1,0.0
FDMO2_1,0.0
FDMO3_1,0.0
FDMO4_1,0.0
FDMO5_1,0.0
FDMO6_1,0.0
FDMO_1,0.0
FE2abc,0.0
FE3t,0.0004069840432837638
FEDCabc,0.0
FERRICHabc,0.0
FERXAabc,0.0
FFSD,0.0
FGLU_1,0.0
FLVR_1,0.0
FMETDF,0.0
FMETTRS_1,-0.0
FMNAT,-0.0
FMNRy,0.0
FOLD3,4.32936648942394e-05
FOLR2,0.0
FOLt,0.0
FORAMD,0.0
FORt2,0.0
FRTT,3.1379059569931486e-05
FRUK,0.0
FRUpts,0.0
FTHFD,0.0008895847641176953
FUM,1.9221558653860442
FUMt2r,0.0
G1Dx,-0.0
G1PACT,0.038571942193816065
G1PPDM,-0.0
G1Pt6_2,0.0
G1SAT,0.0
G3PCT,0.05437660717439158
G3PD1ir,0.06946450837323025
G3PD4,0.0
G3POA_BS,0.01269318349487913
G5SADs,0.018950356719185626
G5SD,0.018950356719185626
G6PDA,0.0
G6PDH2r,-0.0
G6PI,-0.0
G6Pt6_2,0.0
GALCTD_1,0.0
GALCTRt2,0.0
GALKr,0.0
GALS1,0.0
GALS2,0.0
GALS3,0.0
GALS4,0.0
GALT,0.0
GALTpts,0.0
GALURt2r,0.0
GALUi,0.02968211305821573
GALt2,0.0
GAM6Pt,0.0
GAMpts,0.0
GAPD,4.232253109353374
GAPDi_nadp,1.1764333408141314
GARFT,0.021487577599516406
GART,0.0
GBBTNabc,0.0
GBEZY,0.0
GCALDD,4.32936648942394e-05
GF6PTA,0.038571942193816065
GGTAe2,-0.0
GGTT,3.1379059569931486e-05
GHMT2r,0.06965183877755739
GK1,999999.0
GK2,-999998.9925428727
GLCNt2ir,0.0
GLCP,0.0
GLCRAL_1,0.0
GLCRD_1,0.0
GLCRt2r,0.0
GLCS1,0.0
GLCURt2r,0.0
GLCpts,1.7
GLCt2,0.0
GLGC,-0.0
GLNS,0.19253872403111982
GLNabc,0.0
GLTPD,0.0
GLU5K,0.018950356719185626
GLUDxi,0.0
GLUN,0.0
GLUPRT,0.021487577599516406
GLUR,-0.012010983865224055
GLUSy,0.0
GLUTRR,-0.0
GLUTRS,0.0
GLU_Dt2,0.0
GLUt2r,0.0
GLUt4,0.0
GLXCBL,2.16468324471197e-05
GLXO1,0.0
GLXt2,0.0
GLY3Pt2,0.0
GLYALDDr,0.0
GLYAT,-0.0
GLYBabc,0.0
GLYBt2r,-0.0
GLYCK,2.16468324471197e-05
GLYCLTt2r,0.0
GLYCOGENt,0.0
GLYCTO1,4.32936648942394e-05
GLYCt,-0.0
GLYK,5.898319467880637e-05
GLYO1,0.0
GLYt2r,0.0
GMPR,0.0
GMPS2,0.009568843724169863
GMPt6,0.0
GND,0.0
GNKr,0.0
GPDDA1,0.0
GPDDA2,0.0
GPDDA4,0.0
GRTT,3.1379059569931486e-05
GSNt2,0.0
GTHPe,0.0
GTPCI,4.32936648942394e-05
GTPCII,0.0
GTPDPK,-0.0
GUAD,0.0
GUAPRT,-0.002052379242043746
GUAt2r,0.0
GUI1,0.0
GUI2,0.0
H2Ot,-7.8698194651571525
HACD1_1,0.003300227708668674
HACD2,0.003300227708668674
HACD3,0.003300227708668674
HACD4,0.003300227708668574
HACD5,0.003300227708668574
HACD6,0.003300227708668574
HACD7,0.002538636698975826
HACD9,0.0
HACOADr,0.0
HCO3E,0.45433787537837295
HEMEAS,-0.0
HEMECS,-0.0
HEMEDS,-0.0
HEMEOS_1,-0.0
HETZK,-0.0
HEX1,0.0
HEX7,0.0
HEXSabc,0.0
HEXTT,3.1379059569931486e-05
HGt,0.0
HIBD,0.0
HIBHr,0.0
HISDr,-0.0
HISTD,0.009642454699701907
HISTP,0.009642454699701907
HISt2r,0.0
HKM1PP,0.0
HMBS,0.0
HMGCOAS,0.0
HMGL,0.0
HMPK1,-0.0
HOXPRx,-2.16468324471197e-05
HP5CD_1,0.0
HPPK,4.32936648942394e-05
HQNt6,-0.0
HSDy,-0.08013456829062632
HSK,0.02197914376594233
HSST,0.058155424524683995
HSTPTr,0.009642454699701907
HXAD,-0.0
HXAND,0.0
HXANt2r,0.0
HXPRT,0.0
ICDHyr,1.9715697450333771
ICHORS,3.1379059569931486e-05
ICHORT,-0.0
ICITt10,0.0
ICITt2,0.0
IG3PS_1,0.009642454699701907
IGPDH_1,0.009642454699701907
IGPS,0.006409821732135245
ILEDHr,-0.044786765484343176
ILETA,0.012947047164776713
ILEt2r,0.0
IMPC,-0.031130032299218312
IMPD,0.009568843724169863
INS2D,0.0
INSCR,0.0
INSTt2,0.0
INSt2,0.0
IPDDI,-0.0001882743574195889
IPDPS,0.0
IPDPUPT,0.0
IPMD,0.047723184964648196
IPPMIa,-0.047723184964648196
IPPMIb,-0.047723184964648196
IPPS,0.047723184964648196
ISOMS,0.0
ISTNTabc,0.0
ITCY,3.1379059569931486e-05
IZPN_1,0.0
KARA1,-0.08543066933085257
KARA2,0.044786765484343176
KAS1,0.00025386366989758256
KAS10,0.0
KAS11,0.0017770456892830782
KAS12,0.004315682388258904
KAS13,0.0007615910096927477
KAS17,0.0
KAS2,0.0
KAS3,0.005077273397951652
KAS4,0.008631364776517807
KAS5,-0.0
KAS6,0.001269318349487913
KAS7,-0.0
KAS8,0.0
KAS9,0.0
Kt1,0.08332107639995416
Kt2r,0.0
Kt3r,0.0
LAAF,0.0
LAAL1,0.0
LAAL10,0.0
LAAL11,-0.0
LAAL12,-0.0
LAAL13,0.0
LAAL14,0.0
LAAL15,0.0
LAAL16,0.0
LAAL17,-0.0
LAAL18,-0.0
LAAL19,-0.0
LAAL2,0.0
LAAL20,0.0
LAAL21,-0.0
LAAL22,0.0
LAAL23,0.0
LAAL24,0.0
LAAL25,-0.0
LAAL26,-0.0
LAAL27,0.0
LAAL28,0.0
LAAL29,0.0
LAAL3,-0.0
LAAL30,-0.0
LAAL31,-0.0
LAAL32,0.0
LAAL33,-0.0
LAAL34,-0.0
LAAL35,-0.0
LAAL36,0.0
LAAL37,-0.0
LAAL38,0.0
LAAL39,-0.0
LAAL4,0.0
LAAL40,0.0
LAAL41,-0.0
LAAL42,0.0
LAAL5,-0.0
LAAL6,-0.0
LAAL7,-0.0
LAAL8,-0.0
LAAL9,-0.0
LACZ,0.0
LANTHabc,0.0
LCADi,0.0
LCTSabc,0.0
LCYSTabc,0.0
LDH2,0.0
LDH_L,0.0
LEUTA,999998.9591311342
LEUt2r,0.0
LIPO1S24_BS,8.25764725503289e-07
LIPO2S24_BS,7.077983361456764e-07
LIPO3S24_BS,2.123395008437029e-06
LIPO4S24_BS,1.7694958403641908e-06
LIPTabc,0.0
LLEUDr,-999999.0
LYSAM,-0.0
LYSDC,-0.0
LYSLG_BS,0.000259526056586748
LYSt3r,-0.0
L_LACt2r,0.0
M1PD,0.0
MACCOAT,0.0
MAL6PG,0.0
MALDDH,0.0
MALT,0.0
MALTATr,0.0
MALTTRabc,0.0
MALTabc,0.0
MALTpts,0.0
MAL_Dt2,0.0
MALt10,0.0
MALt2r,0.0
MALt4,0.0
MAN1Pt6,0.0
MAN6PI,0.0
MAN6Pt6,0.0
MANAO,-0.0
MANpts,0.0
MANt2,-0.0
MCA,0.0
MCITL2,0.0
MCITS,0.0
MCSNAH,-3.1379059569931486e-05
MDH,1.9221558653860442
MDRPD,0.0
ME2,0.0
MECDPDH2,0.00021965341698952038
MECDPS,0.00021965341698952038
MELIBt2,0.0
MEPCT,0.00021965341698952038
METAT,-0.0
METDabc,0.0
METS,0.013368659040340817
METSR_R1,0.0
METSR_R2,0.0
METSR_S1,0.0
METSR_S2,-0.0
METSRabc,0.0
METSabc,0.0
METTRS,0.0
METabc,0.0
METt3,-0.0
MGSA,-0.0
MGt5,999998.9880011667
MI1PP,0.0
MLTG1,0.0
MLTG2,0.0
MLTG3,0.0
MLTG4,0.0
MLTG5,0.0
MLTG6,0.0
MLTG7,0.0
MMSAD1,0.0
MMSAD2,0.0
MMSAD3,0.0
MMSDHir,0.0
MNLpts,0.0
MNNH,0.0
MNabc,0.0
MNt2,0.0
MOBDabc,0.0
MOHMT,-0.0
MOPSabc,0.0
MPL,0.0
MSO3abc,0.0
MTAN,0.0
MTHFC,0.05355048832774666
MTHFD,0.05355048832774666
MTHFR3,0.013368659040340817
MTRI,0.0
MTRK,0.0
NACt,0.0
NADH4,9.538986636642083
NADK,0.00013566134776130725
NADK1,0.0
NADK2,0.0
NADK3,0.0
NADK4,0.0
NADK5,0.0
NADS1,0.0020424700653385013
NAPRT,0.0
NAabcO,0.0
NAt3_1,0.0
NDPK1,0.028997081961816204
NDPK2,0.0799103141844567
NDPK3,0.061484671965140986
NDPK4,0.0027013123498999736
NDPK5,0.002052379242043746
NDPK6,-0.0
NDPK7,0.002050255847035309
NDPK8,-999998.9898317691
NDPK9,3.1379059569931486e-05
NH4t,0.9449636266574564
NMNAT,0.0
NMNHYD,-0.0
NNAM,0.0
NNATr,0.0020424700653385013
NNDPR,0.0020424700653385013
NO2t2r,0.0
NO2t3,0.0
NO3t2,-0.0
NPHS,3.1379059569931486e-05
NTD1,0.0
NTD10,0.0
NTD2,-0.0
NTD3,-0.0
NTD4,0.0
NTD5,3.1379059569931486e-05
NTD6,0.0
NTD7,-0.0
NTD8,0.0
NTD9,0.0
NTR3B,0.0
NTRIR2x,0.0
O2t,5.705899229742747
OCBT_1,0.022769990440195766
OCOAT1,0.0
OIVD1r,0.00685431908723473
OIVD2,0.0015231820193854957
OIVD3,0.012947047164776713
OMCDC,0.047723184964648196
OMPDC,0.0143889503418948
ORNTAC_1,0.022769990440195766
ORNTA_1,0.0
ORNt2,0.0
ORPT,-0.0143889503418948
OXADC,0.0
OXGDC,-0.0
P5CD,0.0
P5CR,0.018950356719185626
PALAt2,0.0
PANTS,0.0
PAPPT3,0.012010983865224055
PAPSR,-0.0
PAP_BS,0.003633364792214472
PBUTT,-0.0
PC,0.2971014187347258
PDH,2.202323209540273
PENCAC,-0.0
PEPt6,0.0
PFK,1.5836747985212407
PFK_2,0.0
PGAMT,-0.038571942193816065
PGCD,0.1148965497853868
PGI,1.6703178869417843
PGK,-3.055819768539243
PGL,0.0
PGLYCP,0.0
PGM,-2.940944865586303
PGMT,-0.02968211305821573
PGMT_B,-0.0
PGPPH_BS,0.0024537008986383444
PHCYT_BS,0.009059818702664656
PHETA1,-0.020754888577189025
PHEt2r,0.0
PHYT3,-0.0
PIabc,0.0
PIt2r,0.18105316201047372
PIt7,-0.0
PMANM,0.0
PMDPHT,0.0
PMPK,-0.0
PNP,-0.0
PNTEH,-0.0
PNTK,-0.0
PNTOt2,-0.0
PPA,0.3075311809350144
PPAKr,-0.0
PPAt6,0.0
PPBNGS,0.0
PPCDC,0.0
PPCK,0.0
PPCOAC,-0.0
PPIabc,0.0
PPM,-3.1379059569931486e-05
PPM2,-0.0020210001824738145
PPNCL,0.0
PPND,0.013073507134168072
PPNDH,0.020754888577189025
PPPGO,-0.0
PPS,0.0
PPTGS_BS,0.012010983865224055
PPTT,3.1379059569931486e-05
PRAGSr,0.021487577599516406
PRAIS_1,0.021487577599516406
PRAIi,0.006409821732135245
PRAMPC_1,0.009642454699701907
PRASCSi,0.021487577599516406
PRATPP,0.009642454699701907
PRFGS_1,0.021487577599516406
PRMICI,0.009642454699701907
PRO1x,0.0
PROLBabc,0.0
PROt2r,0.0
PRPPS,0.051918895196543115
PSCVT,0.040312890167956514
PSDC_BS,0.006606117804026312
PSERT,0.1148965497853868
PSER_Dt6,0.0
PSER_Lt6,0.0
PSP_D,0.0
PSP_L,0.1148965497853868
PTA2,-0.0
PTAr,-0.05038462455852997
PTHPS,-0.0
PTPATi,-0.0
PUNP1,-0.0
PUNP2,0.0
PUNP3,0.0
PUNP4,-0.002052379242043746
PUNP5,0.0
PUNP6,0.0
PUNP7,0.0
PUNP8,0.0
PURabc1,0.0
PYK,1.148308101385166
PYNP1,3.1379059569931486e-05
PYNP2r,-0.0
PYRIS,-0.0
PYRt2,0.0
Q23DO,0.0
QULNS,0.0020424700653385013
RAFFINt2,0.0
RAFH,0.0
RBFK,0.0
RBFSa,0.0
RBFSb,-0.0
RBK,0.0
RBK_Dr,0.0
RBK_L1,0.0
RBP4E,0.0
RHCYS,0.0
RIBFLVt2,-0.0
RIBabc,0.0
RIBabc1,0.0
RMI,0.0
RMK,0.0
RMNt,0.0
RMPA,0.0
RNDR1,0.002711103531427813
RNDR2,0.0
RNDR3,0.002050255847035309
RNDR4,0.0027326914094699052
RPE,-0.048071146226727535
RPI,-0.048071146226727535
S6PG,0.0
SADT,0.020091563569831168
SALADC2,0.0
SALCpts,0.0
SARCOX,0.0
SBTD_D2,0.0
SBTt2,0.0
SDPDS,0.0
SERAT,-0.0
SERD_D,0.0
SERD_L,0.0
SERt2r,0.0
SHCHD2_1,-0.0
SHCHF_2,-0.0
SHK3Dr,0.040312890167956514
SHKK,0.040312890167956514
SHSL1,0.03806386095485283
SHSL2,0.020091563569831168
SHSL3,0.0
SHSL4r,0.0
SLCYSS,0.0
SO4t2,0.020091563569831168
SORD_D,0.0
SPMDAT1,0.0
SPMDAT3,-0.0
SPMDt3i,-0.0
SPMS,0.0
SPODM,0.0
SPRMS,-0.0
SRB_Lt,0.0
SSALy,0.0
SUCBZL,3.1379059569931486e-05
SUCBZS,3.1379059569931486e-05
SUCCt2r,0.0
SUCD1,1.8563371087712837
SUCD5_BS,1.8563371087712837
SUCOAS,-1.7981816842465996
SUCR,-0.0
SUCpts,0.0
SULAabc,0.0
SULR_1,-0.020091563569831168
TAGURr,0.0
TALA,-0.0038791280293855096
TARTDC,0.0
TARTRDH,0.0
TARTRDH2,0.0
TAURabc,0.0
TECA1S45,0.0004275101950319885
TECA2S45,0.00027686711582231705
TECA3S45,0.00021458086224149754
TECA4S_BS,0.0003671114036808908
TEICH45,-0.0
TGBPA,0.0
THIOGabc,0.0
THMDt2,0.0
THMt6,0.0
THRD,0.0
THRD_L,0.0
THRS,0.02197914376594233
THRt2r,0.0
TKT1,-0.0038791280293855096
TKT2,-0.044192018197342024
TMDK1,0.0
TMDPP,3.1379059569931486e-05
TMDS,0.0027326914094699052
TMN,-0.0
TMPHi,0.0
TMPK,-0.0
TMPPP,-0.0
TMPt6,0.0
TPI,1.512167820082672
TRDR,0.02758561435776419
TRE6PH,0.0
TREpts,0.0
TRPAS1,0.0
TRPS1,0.006409821732135245
TRPt2r,0.0
TYRTA,-0.013073507134168072
TYRt2r,0.0
UAAGDS,0.012010983865224055
UAG2E,0.0009189581730958031
UAG2EMA,-0.0
UAG4E,0.011013342110426724
UAGCVT,0.012010983865224055
UAGDP,0.038571942193816065
UAGPT3,0.012010983865224055
UAMAGS,0.012010983865224055
UAMAS,0.012010983865224055
UAPGR,0.012010983865224055
UDCPDP,0.012010983865224055
UDPG4E,-0.0
UDPGD,-0.0
UGLYCH,0.0
UGMDDS,0.012010983865224055
UGT1_BS,0.0010145109484754695
UGT2_BS,0.0007785781697602441
UGT_BS,0.0018402756739787584
UMPK,0.03833223449064139
UMPt6,0.0
UNK5,0.0
UPP3MT_2,0.0
UPP3S,0.0
UPPDC1,0.0
UPPRT,0.0
URATEt_1,0.0
URAt2,0.0
URCN,-0.0
UREA,0.0
UREAt,0.0
URIC,-0.0
URIDK2r_copy1,999998.9972673086
URIDK2r_copy2,-999999.0
URIK1,0.0
URIK2,0.0
URIK3,0.0
URIt2,0.0
VALDHr,999998.2564094823
VALTA,-999998.2925937847
VALt2r,0.0
X00002,-0.0
XAND,-0.0
XANt2,0.0
XPPT,0.0
XTSNt2,0.0
XYL14BASE,0.0
XYLI1,0.0
XYLI2,0.0
XYLK,0.0
XYLt2,0.0
ZN2t4,0.0
ZNabc,0.0
